Time,SPACE1-1:CHICAGO_IL_USA ANNUAL HEATING 99% DESIGN CONDITIONS DB:Des Heat Load [W],SPACE1-1:CHICAGO_IL_USA ANNUAL COOLING 1% DESIGN CONDITIONS DB/MCWB:Des Sens Cool Load [W],SPACE1-1:CHICAGO_IL_USA ANNUAL HEATING 99% DESIGN CONDITIONS DB:Des Heat Mass Flow [kg/s],SPACE1-1:CHICAGO_IL_USA ANNUAL COOLING 1% DESIGN CONDITIONS DB/MCWB:Des Cool Mass Flow [kg/s],SPACE1-1::Des Latent Heat Load [W],SPACE1-1::Des Latent Cool Load [W],SPACE1-1::Des Latent Heat Mass Flow [kg/s],SPACE1-1::Des Latent Cool Mass Flow [kg/s],SPACE1-1::Des Heat Load No DOAS [W],SPACE1-1::Des Sens Cool Load No DOAS [W],SPACE1-1::Des Latent Heat Load No DOAS [W],SPACE1-1::Des Latent Cool Load No DOAS [W],SPACE1-1:CHICAGO_IL_USA ANNUAL HEATING 99% DESIGN CONDITIONS DB:Heating Zone Temperature [C],SPACE1-1:CHICAGO_IL_USA ANNUAL HEATING 99% DESIGN CONDITIONS DB:Heating Zone Relative Humidity [%],SPACE1-1:CHICAGO_IL_USA ANNUAL COOLING 1% DESIGN CONDITIONS DB/MCWB:Cooling Zone Temperature [C],SPACE1-1:CHICAGO_IL_USA ANNUAL COOLING 1% DESIGN CONDITIONS DB/MCWB:Cooling Zone Relative Humidity [%],SPACE2-1:CHICAGO_IL_USA ANNUAL HEATING 99% DESIGN CONDITIONS DB:Des Heat Load [W],SPACE2-1:CHICAGO_IL_USA ANNUAL COOLING 1% DESIGN CONDITIONS DB/MCWB:Des Sens Cool Load [W],SPACE2-1:CHICAGO_IL_USA ANNUAL HEATING 99% DESIGN CONDITIONS DB:Des Heat Mass Flow [kg/s],SPACE2-1:CHICAGO_IL_USA ANNUAL COOLING 1% DESIGN CONDITIONS DB/MCWB:Des Cool Mass Flow [kg/s],SPACE2-1::Des Latent Heat Load [W],SPACE2-1::Des Latent Cool Load [W],SPACE2-1::Des Latent Heat Mass Flow [kg/s],SPACE2-1::Des Latent Cool Mass Flow [kg/s],SPACE2-1::Des Heat Load No DOAS [W],SPACE2-1::Des Sens Cool Load No DOAS [W],SPACE2-1::Des Latent Heat Load No DOAS [W],SPACE2-1::Des Latent Cool Load No DOAS [W],SPACE2-1:CHICAGO_IL_USA ANNUAL HEATING 99% DESIGN CONDITIONS DB:Heating Zone Temperature [C],SPACE2-1:CHICAGO_IL_USA ANNUAL HEATING 99% DESIGN CONDITIONS DB:Heating Zone Relative Humidity [%],SPACE2-1:CHICAGO_IL_USA ANNUAL COOLING 1% DESIGN CONDITIONS DB/MCWB:Cooling Zone Temperature [C],SPACE2-1:CHICAGO_IL_USA ANNUAL COOLING 1% DESIGN CONDITIONS DB/MCWB:Cooling Zone Relative Humidity [%],SPACE3-1:CHICAGO_IL_USA ANNUAL HEATING 99% DESIGN CONDITIONS DB:Des Heat Load [W],SPACE3-1:CHICAGO_IL_USA ANNUAL COOLING 1% DESIGN CONDITIONS DB/MCWB:Des Sens Cool Load [W],SPACE3-1:CHICAGO_IL_USA ANNUAL HEATING 99% DESIGN CONDITIONS DB:Des Heat Mass Flow [kg/s],SPACE3-1:CHICAGO_IL_USA ANNUAL COOLING 1% DESIGN CONDITIONS DB/MCWB:Des Cool Mass Flow [kg/s],SPACE3-1::Des Latent Heat Load [W],SPACE3-1::Des Latent Cool Load [W],SPACE3-1::Des Latent Heat Mass Flow [kg/s],SPACE3-1::Des Latent Cool Mass Flow [kg/s],SPACE3-1::Des Heat Load No DOAS [W],SPACE3-1::Des Sens Cool Load No DOAS [W],SPACE3-1::Des Latent Heat Load No DOAS [W],SPACE3-1::Des Latent Cool Load No DOAS [W],SPACE3-1:CHICAGO_IL_USA ANNUAL HEATING 99% DESIGN CONDITIONS DB:Heating Zone Temperature [C],SPACE3-1:CHICAGO_IL_USA ANNUAL HEATING 99% DESIGN CONDITIONS DB:Heating Zone Relative Humidity [%],SPACE3-1:CHICAGO_IL_USA ANNUAL COOLING 1% DESIGN CONDITIONS DB/MCWB:Cooling Zone Temperature [C],SPACE3-1:CHICAGO_IL_USA ANNUAL COOLING 1% DESIGN CONDITIONS DB/MCWB:Cooling Zone Relative Humidity [%],SPACE4-1:CHICAGO_IL_USA ANNUAL HEATING 99% DESIGN CONDITIONS DB:Des Heat Load [W],SPACE4-1:CHICAGO_IL_USA ANNUAL COOLING 1% DESIGN CONDITIONS DB/MCWB:Des Sens Cool Load [W],SPACE4-1:CHICAGO_IL_USA ANNUAL HEATING 99% DESIGN CONDITIONS DB:Des Heat Mass Flow [kg/s],SPACE4-1:CHICAGO_IL_USA ANNUAL COOLING 1% DESIGN CONDITIONS DB/MCWB:Des Cool Mass Flow [kg/s],SPACE4-1::Des Latent Heat Load [W],SPACE4-1::Des Latent Cool Load [W],SPACE4-1::Des Latent Heat Mass Flow [kg/s],SPACE4-1::Des Latent Cool Mass Flow [kg/s],SPACE4-1::Des Heat Load No DOAS [W],SPACE4-1::Des Sens Cool Load No DOAS [W],SPACE4-1::Des Latent Heat Load No DOAS [W],SPACE4-1::Des Latent Cool Load No DOAS [W],SPACE4-1:CHICAGO_IL_USA ANNUAL HEATING 99% DESIGN CONDITIONS DB:Heating Zone Temperature [C],SPACE4-1:CHICAGO_IL_USA ANNUAL HEATING 99% DESIGN CONDITIONS DB:Heating Zone Relative Humidity [%],SPACE4-1:CHICAGO_IL_USA ANNUAL COOLING 1% DESIGN CONDITIONS DB/MCWB:Cooling Zone Temperature [C],SPACE4-1:CHICAGO_IL_USA ANNUAL COOLING 1% DESIGN CONDITIONS DB/MCWB:Cooling Zone Relative Humidity [%],SPACE5-1:CHICAGO_IL_USA ANNUAL HEATING 99% DESIGN CONDITIONS DB:Des Heat Load [W],SPACE5-1:CHICAGO_IL_USA ANNUAL COOLING 1% DESIGN CONDITIONS DB/MCWB:Des Sens Cool Load [W],SPACE5-1:CHICAGO_IL_USA ANNUAL HEATING 99% DESIGN CONDITIONS DB:Des Heat Mass Flow [kg/s],SPACE5-1:CHICAGO_IL_USA ANNUAL COOLING 1% DESIGN CONDITIONS DB/MCWB:Des Cool Mass Flow [kg/s],SPACE5-1::Des Latent Heat Load [W],SPACE5-1::Des Latent Cool Load [W],SPACE5-1::Des Latent Heat Mass Flow [kg/s],SPACE5-1::Des Latent Cool Mass Flow [kg/s],SPACE5-1::Des Heat Load No DOAS [W],SPACE5-1::Des Sens Cool Load No DOAS [W],SPACE5-1::Des Latent Heat Load No DOAS [W],SPACE5-1::Des Latent Cool Load No DOAS [W],SPACE5-1:CHICAGO_IL_USA ANNUAL HEATING 99% DESIGN CONDITIONS DB:Heating Zone Temperature [C],SPACE5-1:CHICAGO_IL_USA ANNUAL HEATING 99% DESIGN CONDITIONS DB:Heating Zone Relative Humidity [%],SPACE5-1:CHICAGO_IL_USA ANNUAL COOLING 1% DESIGN CONDITIONS DB/MCWB:Cooling Zone Temperature [C],SPACE5-1:CHICAGO_IL_USA ANNUAL COOLING 1% DESIGN CONDITIONS DB/MCWB:Cooling Zone Relative Humidity [%]
00:15:00,3.564642E+03,0.000000E+00,1.218458E-01,0.000000E+00,0.000000E+00,0.000000E+00,0.000000E+00,0.000000E+00,0.000000E+00,0.000000E+00,0.000000E+00,0.000000E+00,2.109942E+01,2.443407E+01,2.358901E+01,4.949630E+01,1.474391E+03,0.000000E+00,5.039738E-02,0.000000E+00,0.000000E+00,0.000000E+00,0.000000E+00,0.000000E+00,0.000000E+00,0.000000E+00,0.000000E+00,0.000000E+00,2.109946E+01,2.440289E+01,2.359720E+01,4.954699E+01,3.452186E+03,0.000000E+00,1.180018E-01,0.000000E+00,0.000000E+00,0.000000E+00,0.000000E+00,0.000000E+00,0.000000E+00,0.000000E+00,0.000000E+00,0.000000E+00,2.109942E+01,2.440740E+01,2.353533E+01,4.982836E+01,1.474391E+03,0.000000E+00,5.039738E-02,0.000000E+00,0.000000E+00,0.000000E+00,0.000000E+00,0.000000E+00,0.000000E+00,0.000000E+00,0.000000E+00,0.000000E+00,2.109946E+01,2.440289E+01,2.363692E+01,4.891435E+01,2.045767E+03,0.000000E+00,6.992786E-02,0.000000E+00,0.000000E+00,0.000000E+00,0.000000E+00,0.000000E+00,0.000000E+00,0.000000E+00,0.000000E+00,0.000000E+00,2.109938E+01,2.275566E+01,2.369250E+01,4.988007E+01
00:30:00,3.564642E+03,0.000000E+00,1.218458E-01,0.000000E+00,0.000000E+00,0.000000E+00,0.000000E+00,0.000000E+00,0.000000E+00,0.000000E+00,0.000000E+00,0.000000E+00,2.109942E+01,2.443407E+01,2.351415E+01,4.972011E+01,1.474391E+03,0.000000E+00,5.039738E-02,0.000000E+00,0.000000E+00,0.000000E+00,0.000000E+00,0.000000E+00,0.000000E+00,0.000000E+00,0.000000E+00,0.000000E+00,2.109946E+01,2.440289E+01,2.352653E+01,4.975843E+01,3.452186E+03,0.000000E+00,1.180018E-01,0.000000E+00,0.000000E+00,0.000000E+00,0.000000E+00,0.000000E+00,0.000000E+00,0.000000E+00,0.000000E+00,0.000000E+00,2.109942E+01,2.440740E+01,2.345906E+01,5.005803E+01,1.474391E+03,0.000000E+00,5.039738E-02,0.000000E+00,0.000000E+00,0.000000E+00,0.000000E+00,0.000000E+00,0.000000E+00,0.000000E+00,0.000000E+00,0.000000E+00,2.109946E+01,2.440289E+01,2.356326E+01,4.913192E+01,2.045767E+03,0.000000E+00,6.992786E-02,0.000000E+00,0.000000E+00,0.000000E+00,0.000000E+00,0.000000E+00,0.000000E+00,0.000000E+00,0.000000E+00,0.000000E+00,2.109938E+01,2.275566E+01,2.363502E+01,5.005302E+01
00:45:00,3.564642E+03,0.000000E+00,1.218458E-01,0.000000E+00,0.000000E+00,0.000000E+00,0.000000E+00,0.000000E+00,0.000000E+00,0.000000E+00,0.000000E+00,0.000000E+00,2.109942E+01,2.443407E+01,2.343750E+01,4.995047E+01,1.474391E+03,0.000000E+00,5.039738E-02,0.000000E+00,0.000000E+00,0.000000E+00,0.000000E+00,0.000000E+00,0.000000E+00,0.000000E+00,0.000000E+00,0.000000E+00,2.109946E+01,2.440289E+01,2.345376E+01,4.997726E+01,3.452186E+03,0.000000E+00,1.180018E-01,0.000000E+00,0.000000E+00,0.000000E+00,0.000000E+00,0.000000E+00,0.000000E+00,0.000000E+00,0.000000E+00,0.000000E+00,2.109942E+01,2.440740E+01,2.338135E+01,5.029328E+01,1.474391E+03,0.000000E+00,5.039738E-02,0.000000E+00,0.000000E+00,0.000000E+00,0.000000E+00,0.000000E+00,0.000000E+00,0.000000E+00,0.000000E+00,0.000000E+00,2.109946E+01,2.440289E+01,2.348752E+01,4.935677E+01,2.045767E+03,0.000000E+00,6.992786E-02,0.000000E+00,0.000000E+00,0.000000E+00,0.000000E+00,0.000000E+00,0.000000E+00,0.000000E+00,0.000000E+00,0.000000E+00,2.109938E+01,2.275566E+01,2.357515E+01,5.023389E+01
01:00:00,3.564642E+03,0.000000E+00,1.218458E-01,0.000000E+00,0.000000E+00,0.000000E+00,0.000000E+00,0.000000E+00,0.000000E+00,0.000000E+00,0.000000E+00,0.000000E+00,2.109942E+01,2.443407E+01,2.335924E+01,5.018693E+01,1.474391E+03,0.000000E+00,5.039738E-02,0.000000E+00,0.000000E+00,0.000000E+00,0.000000E+00,0.000000E+00,0.000000E+00,0.000000E+00,0.000000E+00,0.000000E+00,2.109946E+01,2.440289E+01,2.337920E+01,5.020260E+01,3.452186E+03,0.000000E+00,1.180018E-01,0.000000E+00,0.000000E+00,0.000000E+00,0.000000E+00,0.000000E+00,0.000000E+00,0.000000E+00,0.000000E+00,0.000000E+00,2.109942E+01,2.440740E+01,2.330239E+01,5.053359E+01,1.474391E+03,0.000000E+00,5.039738E-02,0.000000E+00,0.000000E+00,0.000000E+00,0.000000E+00,0.000000E+00,0.000000E+00,0.000000E+00,0.000000E+00,0.000000E+00,2.109946E+01,2.440289E+01,2.340996E+01,4.958822E+01,2.045767E+03,0.000000E+00,6.992786E-02,0.000000E+00,0.000000E+00,0.000000E+00,0.000000E+00,0.000000E+00,0.000000E+00,0.000000E+00,0.000000E+00,0.000000E+00,2.109938E+01,2.275566E+01,2.351331E+01,5.042149E+01
01:15:00,3.564642E+03,0.000000E+00,1.218458E-01,0.000000E+00,0.000000E+00,0.000000E+00,0.000000E+00,0.000000E+00,0.000000E+00,0.000000E+00,0.000000E+00,0.000000E+00,2.109942E+01,2.443407E+01,2.327966E+01,5.042868E+01,1.474391E+03,0.000000E+00,5.039738E-02,0.000000E+00,0.000000E+00,0.000000E+00,0.000000E+00,0.000000E+00,0.000000E+00,0.000000E+00,0.000000E+00,0.000000E+00,2.109946E+01,2.440289E+01,2.330317E+01,5.043357E+01,3.452186E+03,0.000000E+00,1.180018E-01,0.000000E+00,0.000000E+00,0.000000E+00,0.000000E+00,0.000000E+00,0.000000E+00,0.000000E+00,0.000000E+00,0.000000E+00,2.109942E+01,2.440740E+01,2.322242E+01,5.077833E+01,1.474391E+03,0.000000E+00,5.039738E-02,0.000000E+00,0.000000E+00,0.000000E+00,0.000000E+00,0.000000E+00,0.000000E+00,0.000000E+00,0.000000E+00,0.000000E+00,2.109946E+01,2.440289E+01,2.333097E+01,4.982521E+01,2.045767E+03,0.000000E+00,6.992786E-02,0.000000E+00,0.000000E+00,0.000000E+00,0.000000E+00,0.000000E+00,0.000000E+00,0.000000E+00,0.000000E+00,0.000000E+00,2.109938E+01,2.275566E+01,2.344994E+01,5.061456E+01
01:30:00,3.564642E+03,0.000000E+00,1.218458E-01,0.000000E+00,0.000000E+00,0.000000E+00,0.000000E+00,0.000000E+00,0.000000E+00,0.000000E+00,0.000000E+00,0.000000E+00,2.109942E+01,2.443407E+01,2.320102E+01,5.066886E+01,1.474391E+03,0.000000E+00,5.039738E-02,0.000000E+00,0.000000E+00,0.000000E+00,0.000000E+00,0.000000E+00,0.000000E+00,0.000000E+00,0.000000E+00,0.000000E+00,2.109946E+01,2.440289E+01,2.322748E+01,5.066470E+01,3.452186E+03,0.000000E+00,1.180018E-01,0.000000E+00,0.000000E+00,0.000000E+00,0.000000E+00,0.000000E+00,0.000000E+00,0.000000E+00,0.000000E+00,0.000000E+00,2.109942E+01,2.440740E+01,2.314348E+01,5.102120E+01,1.474391E+03,0.000000E+00,5.039738E-02,0.000000E+00,0.000000E+00,0.000000E+00,0.000000E+00,0.000000E+00,0.000000E+00,0.000000E+00,0.000000E+00,0.000000E+00,2.109946E+01,2.440289E+01,2.325245E+01,5.006206E+01,2.045767E+03,0.000000E+00,6.992786E-02,0.000000E+00,0.000000E+00,0.000000E+00,0.000000E+00,0.000000E+00,0.000000E+00,0.000000E+00,0.000000E+00,0.000000E+00,2.109938E+01,2.275566E+01,2.338546E+01,5.081184E+01
01:45:00,3.564642E+03,0.000000E+00,1.218458E-01,0.000000E+00,0.000000E+00,0.000000E+00,0.000000E+00,0.000000E+00,0.000000E+00,0.000000E+00,0.000000E+00,0.000000E+00,2.109942E+01,2.443407E+01,2.312368E+01,5.090634E+01,1.474391E+03,0.000000E+00,5.039738E-02,0.000000E+00,0.000000E+00,0.000000E+00,0.000000E+00,0.000000E+00,0.000000E+00,0.000000E+00,0.000000E+00,0.000000E+00,2.109946E+01,2.440289E+01,2.315237E+01,5.089525E+01,3.452186E+03,0.000000E+00,1.180018E-01,0.000000E+00,0.000000E+00,0.000000E+00,0.000000E+00,0.000000E+00,0.000000E+00,0.000000E+00,0.000000E+00,0.000000E+00,2.109942E+01,2.440740E+01,2.306589E+01,5.126119E+01,1.474391E+03,0.000000E+00,5.039738E-02,0.000000E+00,0.000000E+00,0.000000E+00,0.000000E+00,0.000000E+00,0.000000E+00,0.000000E+00,0.000000E+00,0.000000E+00,2.109946E+01,2.440289E+01,2.317469E+01,5.029786E+01,2.045767E+03,0.000000E+00,6.992786E-02,0.000000E+00,0.000000E+00,0.000000E+00,0.000000E+00,0.000000E+00,0.000000E+00,0.000000E+00,0.000000E+00,0.000000E+00,2.109938E+01,2.275566E+01,2.332056E+01,5.101131E+01
02:00:00,3.564642E+03,0.000000E+00,1.218458E-01,0.000000E+00,0.000000E+00,0.000000E+00,0.000000E+00,0.000000E+00,0.000000E+00,0.000000E+00,0.000000E+00,0.000000E+00,2.109942E+01,2.443407E+01,2.304709E+01,5.114274E+01,1.474391E+03,0.000000E+00,5.039738E-02,0.000000E+00,0.000000E+00,0.000000E+00,0.000000E+00,0.000000E+00,0.000000E+00,0.000000E+00,0.000000E+00,0.000000E+00,2.109946E+01,2.440289E+01,2.307747E+01,5.112630E+01,3.452186E+03,0.000000E+00,1.180018E-01,0.000000E+00,0.000000E+00,0.000000E+00,0.000000E+00,0.000000E+00,0.000000E+00,0.000000E+00,0.000000E+00,0.000000E+00,2.109942E+01,2.440740E+01,2.298912E+01,5.149990E+01,1.474391E+03,0.000000E+00,5.039738E-02,0.000000E+00,0.000000E+00,0.000000E+00,0.000000E+00,0.000000E+00,0.000000E+00,0.000000E+00,0.000000E+00,0.000000E+00,2.109946E+01,2.440289E+01,2.309737E+01,5.053359E+01,2.045767E+03,0.000000E+00,6.992786E-02,0.000000E+00,0.000000E+00,0.000000E+00,0.000000E+00,0.000000E+00,0.000000E+00,0.000000E+00,0.000000E+00,0.000000E+00,2.109938E+01,2.275566E+01,2.325539E+01,5.121249E+01
02:15:00,3.564642E+03,0.000000E+00,1.218458E-01,0.000000E+00,0.000000E+00,0.000000E+00,0.000000E+00,0.000000E+00,0.000000E+00,0.000000E+00,0.000000E+00,0.000000E+00,2.109942E+01,2.443407E+01,2.297102E+01,5.137876E+01,1.474391E+03,0.000000E+00,5.039738E-02,0.000000E+00,0.000000E+00,0.000000E+00,0.000000E+00,0.000000E+00,0.000000E+00,0.000000E+00,0.000000E+00,0.000000E+00,2.109946E+01,2.440289E+01,2.300277E+01,5.135794E+01,3.452186E+03,0.000000E+00,1.180018E-01,0.000000E+00,0.000000E+00,0.000000E+00,0.000000E+00,0.000000E+00,0.000000E+00,0.000000E+00,0.000000E+00,0.000000E+00,2.109942E+01,2.440740E+01,2.291295E+01,5.173801E+01,1.474391E+03,0.000000E+00,5.039738E-02,0.000000E+00,0.000000E+00,0.000000E+00,0.000000E+00,0.000000E+00,0.000000E+00,0.000000E+00,0.000000E+00,0.000000E+00,2.109946E+01,2.440289E+01,2.302044E+01,5.076934E+01,2.045767E+03,0.000000E+00,6.992786E-02,0.000000E+00,0.000000E+00,0.000000E+00,0.000000E+00,0.000000E+00,0.000000E+00,0.000000E+00,0.000000E+00,0.000000E+00,2.109938E+01,2.275566E+01,2.319012E+01,5.141489E+01
02:30:00,3.564642E+03,0.000000E+00,1.218458E-01,0.000000E+00,0.000000E+00,0.000000E+00,0.000000E+00,0.000000E+00,0.000000E+00,0.000000E+00,0.000000E+00,0.000000E+00,2.109942E+01,2.443407E+01,2.289646E+01,5.161130E+01,1.474391E+03,0.000000E+00,5.039738E-02,0.000000E+00,0.000000E+00,0.000000E+00,0.000000E+00,0.000000E+00,0.000000E+00,0.000000E+00,0.000000E+00,0.000000E+00,2.109946E+01,2.440289E+01,2.292902E+01,5.158778E+01,3.452186E+03,0.000000E+00,1.180018E-01,0.000000E+00,0.000000E+00,0.000000E+00,0.000000E+00,0.000000E+00,0.000000E+00,0.000000E+00,0.000000E+00,0.000000E+00,2.109942E+01,2.440740E+01,2.283827E+01,5.197264E+01,1.474391E+03,0.000000E+00,5.039738E-02,0.000000E+00,0.000000E+00,0.000000E+00,0.000000E+00,0.000000E+00,0.000000E+00,0.000000E+00,0.000000E+00,0.000000E+00,2.109946E+01,2.440289E+01,2.294467E+01,5.100276E+01,2.045767E+03,0.000000E+00,6.992786E-02,0.000000E+00,0.000000E+00,0.000000E+00,0.000000E+00,0.000000E+00,0.000000E+00,0.000000E+00,0.000000E+00,0.000000E+00,2.109938E+01,2.275566E+01,2.312497E+01,5.161779E+01
02:45:00,3.564642E+03,0.000000E+00,1.218458E-01,0.000000E+00,0.000000E+00,0.000000E+00,0.000000E+00,0.000000E+00,0.000000E+00,0.000000E+00,0.000000E+00,0.000000E+00,2.109942E+01,2.443407E+01,2.282353E+01,5.183986E+01,1.474391E+03,0.000000E+00,5.039738E-02,0.000000E+00,0.000000E+00,0.000000E+00,0.000000E+00,0.000000E+00,0.000000E+00,0.000000E+00,0.000000E+00,0.000000E+00,2.109946E+01,2.440289E+01,2.285646E+01,5.181505E+01,3.452186E+03,0.000000E+00,1.180018E-01,0.000000E+00,0.000000E+00,0.000000E+00,0.000000E+00,0.000000E+00,0.000000E+00,0.000000E+00,0.000000E+00,0.000000E+00,2.109942E+01,2.440740E+01,2.276522E+01,5.220331E+01,1.474391E+03,0.000000E+00,5.039738E-02,0.000000E+00,0.000000E+00,0.000000E+00,0.000000E+00,0.000000E+00,0.000000E+00,0.000000E+00,0.000000E+00,0.000000E+00,2.109946E+01,2.440289E+01,2.287029E+01,5.123308E+01,2.045767E+03,0.000000E+00,6.992786E-02,0.000000E+00,0.000000E+00,0.000000E+00,0.000000E+00,0.000000E+00,0.000000E+00,0.000000E+00,0.000000E+00,0.000000E+00,2.109938E+01,2.275566E+01,2.306020E+01,5.182042E+01
03:00:00,3.564642E+03,0.000000E+00,1.218458E-01,0.000000E+00,0.000000E+00,0.000000E+00,0.000000E+00,0.000000E+00,0.000000E+00,0.000000E+00,0.000000E+00,0.000000E+00,2.109942E+01,2.443407E+01,2.275203E+01,5.206508E+01,1.474391E+03,0.000000E+00,5.039738E-02,0.000000E+00,0.000000E+00,0.000000E+00,0.000000E+00,0.000000E+00,0.000000E+00,0.000000E+00,0.000000E+00,0.000000E+00,2.109946E+01,2.440289E+01,2.278503E+01,5.203987E+01,3.452186E+03,0.000000E+00,1.180018E-01,0.000000E+00,0.000000E+00,0.000000E+00,0.000000E+00,0.000000E+00,0.000000E+00,0.000000E+00,0.000000E+00,0.000000E+00,2.109942E+01,2.440740E+01,2.269360E+01,5.243057E+01,1.474391E+03,0.000000E+00,5.039738E-02,0.000000E+00,0.000000E+00,0.000000E+00,0.000000E+00,0.000000E+00,0.000000E+00,0.000000E+00,0.000000E+00,0.000000E+00,2.109946E+01,2.440289E+01,2.279723E+01,5.146044E+01,2.045767E+03,0.000000E+00,6.992786E-02,0.000000E+00,0.000000E+00,0.000000E+00,0.000000E+00,0.000000E+00,0.000000E+00,0.000000E+00,0.000000E+00,0.000000E+00,2.109938E+01,2.275566E+01,2.299602E+01,5.202212E+01
03:15:00,3.564642E+03,0.000000E+00,1.218458E-01,0.000000E+00,0.000000E+00,0.000000E+00,0.000000E+00,0.000000E+00,0.000000E+00,0.000000E+00,0.000000E+00,0.000000E+00,2.109942E+01,2.443407E+01,2.268182E+01,5.228731E+01,1.474391E+03,0.000000E+00,5.039738E-02,0.000000E+00,0.000000E+00,0.000000E+00,0.000000E+00,0.000000E+00,0.000000E+00,0.000000E+00,0.000000E+00,0.000000E+00,2.109946E+01,2.440289E+01,2.271471E+01,5.226230E+01,3.452186E+03,0.000000E+00,1.180018E-01,0.000000E+00,0.000000E+00,0.000000E+00,0.000000E+00,0.000000E+00,0.000000E+00,0.000000E+00,0.000000E+00,0.000000E+00,2.109942E+01,2.440740E+01,2.262330E+01,5.265476E+01,1.474391E+03,0.000000E+00,5.039738E-02,0.000000E+00,0.000000E+00,0.000000E+00,0.000000E+00,0.000000E+00,0.000000E+00,0.000000E+00,0.000000E+00,0.000000E+00,2.109946E+01,2.440289E+01,2.272545E+01,5.168494E+01,2.045767E+03,0.000000E+00,6.992786E-02,0.000000E+00,0.000000E+00,0.000000E+00,0.000000E+00,0.000000E+00,0.000000E+00,0.000000E+00,0.000000E+00,0.000000E+00,2.109938E+01,2.275566E+01,2.293258E+01,5.222231E+01
03:30:00,3.564642E+03,0.000000E+00,1.218458E-01,0.000000E+00,0.000000E+00,0.000000E+00,0.000000E+00,0.000000E+00,0.000000E+00,0.000000E+00,0.000000E+00,0.000000E+00,2.109942E+01,2.443407E+01,2.261289E+01,5.250653E+01,1.474391E+03,0.000000E+00,5.039738E-02,0.000000E+00,0.000000E+00,0.000000E+00,0.000000E+00,0.000000E+00,0.000000E+00,0.000000E+00,0.000000E+00,0.000000E+00,2.109946E+01,2.440289E+01,2.264553E+01,5.248215E+01,3.452186E+03,0.000000E+00,1.180018E-01,0.000000E+00,0.000000E+00,0.000000E+00,0.000000E+00,0.000000E+00,0.000000E+00,0.000000E+00,0.000000E+00,0.000000E+00,2.109942E+01,2.440740E+01,2.255429E+01,5.287587E+01,1.474391E+03,0.000000E+00,5.039738E-02,0.000000E+00,0.000000E+00,0.000000E+00,0.000000E+00,0.000000E+00,0.000000E+00,0.000000E+00,0.000000E+00,0.000000E+00,2.109946E+01,2.440289E+01,2.265497E+01,5.190644E+01,2.045767E+03,0.000000E+00,6.992786E-02,0.000000E+00,0.000000E+00,0.000000E+00,0.000000E+00,0.000000E+00,0.000000E+00,0.000000E+00,0.000000E+00,0.000000E+00,2.109938E+01,2.275566E+01,2.287003E+01,5.242055E+01
03:45:00,3.564642E+03,0.000000E+00,1.218458E-01,0.000000E+00,0.000000E+00,0.000000E+00,0.000000E+00,0.000000E+00,0.000000E+00,0.000000E+00,0.000000E+00,0.000000E+00,2.109942E+01,2.443407E+01,2.254525E+01,5.272265E+01,1.474391E+03,0.000000E+00,5.039738E-02,0.000000E+00,0.000000E+00,0.000000E+00,0.000000E+00,0.000000E+00,0.000000E+00,0.000000E+00,0.000000E+00,0.000000E+00,2.109946E+01,2.440289E+01,2.257754E+01,5.269925E+01,3.452186E+03,0.000000E+00,1.180018E-01,0.000000E+00,0.000000E+00,0.000000E+00,0.000000E+00,0.000000E+00,0.000000E+00,0.000000E+00,0.000000E+00,0.000000E+00,2.109942E+01,2.440740E+01,2.248658E+01,5.309382E+01,1.474391E+03,0.000000E+00,5.039738E-02,0.000000E+00,0.000000E+00,0.000000E+00,0.000000E+00,0.000000E+00,0.000000E+00,0.000000E+00,0.000000E+00,0.000000E+00,2.109946E+01,2.440289E+01,2.258582E+01,5.212479E+01,2.045767E+03,0.000000E+00,6.992786E-02,0.000000E+00,0.000000E+00,0.000000E+00,0.000000E+00,0.000000E+00,0.000000E+00,0.000000E+00,0.000000E+00,0.000000E+00,2.109938E+01,2.275566E+01,2.280847E+01,5.261649E+01
04:00:00,3.564642E+03,0.000000E+00,1.218458E-01,0.000000E+00,0.000000E+00,0.000000E+00,0.000000E+00,0.000000E+00,0.000000E+00,0.000000E+00,0.000000E+00,0.000000E+00,2.109942E+01,2.443407E+01,2.247889E+01,5.293563E+01,1.474391E+03,0.000000E+00,5.039738E-02,0.000000E+00,0.000000E+00,0.000000E+00,0.000000E+00,0.000000E+00,0.000000E+00,0.000000E+00,0.000000E+00,0.000000E+00,2.109946E+01,2.440289E+01,2.251075E+01,5.291346E+01,3.452186E+03,0.000000E+00,1.180018E-01,0.000000E+00,0.000000E+00,0.000000E+00,0.000000E+00,0.000000E+00,0.000000E+00,0.000000E+00,0.000000E+00,0.000000E+00,2.109942E+01,2.440740E+01,2.242018E+01,5.330856E+01,1.474391E+03,0.000000E+00,5.039738E-02,0.000000E+00,0.000000E+00,0.000000E+00,0.000000E+00,0.000000E+00,0.000000E+00,0.000000E+00,0.000000E+00,0.000000E+00,2.109946E+01,2.440289E+01,2.251802E+01,5.233989E+01,2.045767E+03,0.000000E+00,6.992786E-02,0.000000E+00,0.000000E+00,0.000000E+00,0.000000E+00,0.000000E+00,0.000000E+00,0.000000E+00,0.000000E+00,0.000000E+00,2.109938E+01,2.275566E+01,2.274798E+01,5.280983E+01
04:15:00,3.564642E+03,0.000000E+00,1.218458E-01,0.000000E+00,0.000000E+00,0.000000E+00,0.000000E+00,0.000000E+00,0.000000E+00,0.000000E+00,0.000000E+00,0.000000E+00,2.109942E+01,2.443407E+01,2.241381E+01,5.314549E+01,1.474391E+03,0.000000E+00,5.039738E-02,0.000000E+00,0.000000E+00,0.000000E+00,0.000000E+00,0.000000E+00,0.000000E+00,0.000000E+00,0.000000E+00,0.000000E+00,2.109946E+01,2.440289E+01,2.244518E+01,5.312473E+01,3.452186E+03,0.000000E+00,1.180018E-01,0.000000E+00,0.000000E+00,0.000000E+00,0.000000E+00,0.000000E+00,0.000000E+00,0.000000E+00,0.000000E+00,0.000000E+00,2.109942E+01,2.440740E+01,2.235506E+01,5.352010E+01,1.474391E+03,0.000000E+00,5.039738E-02,0.000000E+00,0.000000E+00,0.000000E+00,0.000000E+00,0.000000E+00,0.000000E+00,0.000000E+00,0.000000E+00,0.000000E+00,2.109946E+01,2.440289E+01,2.245155E+01,5.255174E+01,2.045767E+03,0.000000E+00,6.992786E-02,0.000000E+00,0.000000E+00,0.000000E+00,0.000000E+00,0.000000E+00,0.000000E+00,0.000000E+00,0.000000E+00,0.000000E+00,2.109938E+01,2.275566E+01,2.268861E+01,5.300037E+01
04:30:00,3.564642E+03,0.000000E+00,1.218458E-01,0.000000E+00,0.000000E+00,0.000000E+00,0.000000E+00,0.000000E+00,0.000000E+00,0.000000E+00,0.000000E+00,0.000000E+00,2.109942E+01,2.443407E+01,2.235075E+01,5.334971E+01,1.474391E+03,0.000000E+00,5.039738E-02,0.000000E+00,0.000000E+00,0.000000E+00,0.000000E+00,0.000000E+00,0.000000E+00,0.000000E+00,0.000000E+00,0.000000E+00,2.109946E+01,2.440289E+01,2.238140E+01,5.333118E+01,3.452186E+03,0.000000E+00,1.180018E-01,0.000000E+00,0.000000E+00,0.000000E+00,0.000000E+00,0.000000E+00,0.000000E+00,0.000000E+00,0.000000E+00,0.000000E+00,2.109942E+01,2.440740E+01,2.229192E+01,5.372610E+01,1.474391E+03,0.000000E+00,5.039738E-02,0.000000E+00,0.000000E+00,0.000000E+00,0.000000E+00,0.000000E+00,0.000000E+00,0.000000E+00,0.000000E+00,0.000000E+00,2.109946E+01,2.440289E+01,2.238697E+01,5.275850E+01,2.045767E+03,0.000000E+00,6.992786E-02,0.000000E+00,0.000000E+00,0.000000E+00,0.000000E+00,0.000000E+00,0.000000E+00,0.000000E+00,0.000000E+00,0.000000E+00,2.109938E+01,2.275566E+01,2.263041E+01,5.318792E+01
04:45:00,3.564642E+03,0.000000E+00,1.218458E-01,0.000000E+00,0.000000E+00,0.000000E+00,0.000000E+00,0.000000E+00,0.000000E+00,0.000000E+00,0.000000E+00,0.000000E+00,2.109942E+01,2.443407E+01,2.228978E+01,5.354800E+01,1.474391E+03,0.000000E+00,5.039738E-02,0.000000E+00,0.000000E+00,0.000000E+00,0.000000E+00,0.000000E+00,0.000000E+00,0.000000E+00,0.000000E+00,0.000000E+00,2.109946E+01,2.440289E+01,2.231944E+01,5.353258E+01,3.452186E+03,0.000000E+00,1.180018E-01,0.000000E+00,0.000000E+00,0.000000E+00,0.000000E+00,0.000000E+00,0.000000E+00,0.000000E+00,0.000000E+00,0.000000E+00,2.109942E+01,2.440740E+01,2.223083E+01,5.392626E+01,1.474391E+03,0.000000E+00,5.039738E-02,0.000000E+00,0.000000E+00,0.000000E+00,0.000000E+00,0.000000E+00,0.000000E+00,0.000000E+00,0.000000E+00,0.000000E+00,2.109946E+01,2.440289E+01,2.232431E+01,5.295997E+01,2.045767E+03,0.000000E+00,6.992786E-02,0.000000E+00,0.000000E+00,0.000000E+00,0.000000E+00,0.000000E+00,0.000000E+00,0.000000E+00,0.000000E+00,0.000000E+00,2.109938E+01,2.275566E+01,2.257341E+01,5.337229E+01
05:00:00,3.564642E+03,0.000000E+00,1.218458E-01,0.000000E+00,0.000000E+00,0.000000E+00,0.000000E+00,0.000000E+00,0.000000E+00,0.000000E+00,0.000000E+00,0.000000E+00,2.109942E+01,2.443407E+01,2.222784E+01,5.375029E+01,1.474391E+03,0.000000E+00,5.039738E-02,0.000000E+00,0.000000E+00,0.000000E+00,0.000000E+00,0.000000E+00,0.000000E+00,0.000000E+00,0.000000E+00,0.000000E+00,2.109946E+01,2.440289E+01,2.242347E+01,5.319492E+01,3.452186E+03,0.000000E+00,1.180018E-01,0.000000E+00,0.000000E+00,0.000000E+00,0.000000E+00,0.000000E+00,0.000000E+00,0.000000E+00,0.000000E+00,0.000000E+00,2.109942E+01,2.440740E+01,2.246184E+01,5.317372E+01,1.474391E+03,0.000000E+00,5.039738E-02,0.000000E+00,0.000000E+00,0.000000E+00,0.000000E+00,0.000000E+00,0.000000E+00,0.000000E+00,0.000000E+00,0.000000E+00,2.109946E+01,2.440289E+01,2.226431E+01,5.315370E+01,2.045767E+03,0.000000E+00,6.992786E-02,0.000000E+00,0.000000E+00,0.000000E+00,0.000000E+00,0.000000E+00,0.000000E+00,0.000000E+00,0.000000E+00,0.000000E+00,2.109938E+01,2.275566E+01,2.250317E+01,5.360053E+01
05:15:00,3.564642E+03,0.000000E+00,1.218458E-01,0.000000E+00,0.000000E+00,0.000000E+00,0.000000E+00,0.000000E+00,0.000000E+00,0.000000E+00,0.000000E+00,0.000000E+00,2.109942E+01,2.443407E+01,2.223163E+01,5.373787E+01,1.474391E+03,0.000000E+00,5.039738E-02,0.000000E+00,0.000000E+00,0.000000E+00,0.000000E+00,0.000000E+00,0.000000E+00,0.000000E+00,0.000000E+00,0.000000E+00,2.109946E+01,2.440289E+01,2.316165E+01,5.086670E+01,3.452186E+03,1.193027E+02,1.180018E-01,1.493731E-02,0.000000E+00,0.000000E+00,0.000000E+00,0.000000E+00,0.000000E+00,0.000000E+00,0.000000E+00,0.000000E+00,2.109942E+01,2.440740E+01,2.349943E+01,4.990705E+01,1.474391E+03,0.000000E+00,5.039738E-02,0.000000E+00,0.000000E+00,0.000000E+00,0.000000E+00,0.000000E+00,0.000000E+00,0.000000E+00,0.000000E+00,0.000000E+00,2.109946E+01,2.440289E+01,2.228368E+01,5.309108E+01,2.045767E+03,0.000000E+00,6.992786E-02,0.000000E+00,0.000000E+00,0.000000E+00,0.000000E+00,0.000000E+00,0.000000E+00,0.000000E+00,0.000000E+00,0.000000E+00,2.109938E+01,2.275566E+01,2.246057E+01,5.373947E+01
05:30:00,3.564642E+03,0.000000E+00,1.218458E-01,0.000000E+00,0.000000E+00,0.000000E+00,0.000000E+00,0.000000E+00,0.000000E+00,0.000000E+00,0.000000E+00,0.000000E+00,2.109942E+01,2.443407E+01,2.226309E+01,5.363506E+01,1.474391E+03,1.049996E+02,5.039738E-02,1.332511E-02,0.000000E+00,0.000000E+00,0.000000E+00,0.000000E+00,0.000000E+00,0.000000E+00,0.000000E+00,0.000000E+00,2.109946E+01,2.440289E+01,2.365738E+01,4.932759E+01,3.452186E+03,5.863432E+02,1.180018E-01,7.335866E-02,0.000000E+00,0.000000E+00,0.000000E+00,0.000000E+00,0.000000E+00,0.000000E+00,0.000000E+00,0.000000E+00,2.109942E+01,2.440740E+01,2.382798E+01,4.878559E+01,1.474391E+03,0.000000E+00,5.039738E-02,0.000000E+00,0.000000E+00,0.000000E+00,0.000000E+00,0.000000E+00,0.000000E+00,0.000000E+00,0.000000E+00,0.000000E+00,2.109946E+01,2.440289E+01,2.233067E+01,5.293947E+01,2.045767E+03,0.000000E+00,6.992786E-02,0.000000E+00,0.000000E+00,0.000000E+00,0.000000E+00,0.000000E+00,0.000000E+00,0.000000E+00,0.000000E+00,0.000000E+00,2.109938E+01,2.275566E+01,2.245109E+01,5.377045E+01
05:45:00,3.564642E+03,0.000000E+00,1.218458E-01,0.000000E+00,0.000000E+00,0.000000E+00,0.000000E+00,0.000000E+00,0.000000E+00,0.000000E+00,0.000000E+00,0.000000E+00,2.109942E+01,2.443407E+01,2.232414E+01,5.343615E+01,1.474391E+03,3.275121E+02,5.039738E-02,4.090161E-02,0.000000E+00,0.000000E+00,0.000000E+00,0.000000E+00,0.000000E+00,0.000000E+00,0.000000E+00,0.000000E+00,2.109946E+01,2.440289E+01,2.389854E+01,4.841742E+01,3.452186E+03,1.222135E+03,1.180018E-01,1.521555E-01,0.000000E+00,0.000000E+00,0.000000E+00,0.000000E+00,0.000000E+00,0.000000E+00,0.000000E+00,0.000000E+00,2.109942E+01,2.440740E+01,2.389838E+01,4.823377E+01,1.474391E+03,0.000000E+00,5.039738E-02,0.000000E+00,0.000000E+00,0.000000E+00,0.000000E+00,0.000000E+00,0.000000E+00,0.000000E+00,0.000000E+00,0.000000E+00,2.109946E+01,2.440289E+01,2.241572E+01,5.266633E+01,2.045767E+03,0.000000E+00,6.992786E-02,0.000000E+00,0.000000E+00,0.000000E+00,0.000000E+00,0.000000E+00,0.000000E+00,0.000000E+00,0.000000E+00,0.000000E+00,2.109938E+01,2.275566E+01,2.245377E+01,5.376169E+01
06:00:00,3.564642E+03,0.000000E+00,1.218458E-01,0.000000E+00,0.000000E+00,0.000000E+00,0.000000E+00,0.000000E+00,0.000000E+00,0.000000E+00,0.000000E+00,0.000000E+00,2.109942E+01,2.443407E+01,2.240584E+01,5.317124E+01,1.474391E+03,6.265280E+02,5.039738E-02,7.795486E-02,0.000000E+00,0.000000E+00,0.000000E+00,0.000000E+00,0.000000E+00,0.000000E+00,0.000000E+00,0.000000E+00,2.109946E+01,2.440289E+01,2.389950E+01,4.815096E+01,3.452186E+03,2.009205E+03,1.180018E-01,2.496881E-01,0.000000E+00,0.000000E+00,0.000000E+00,0.000000E+00,0.000000E+00,0.000000E+00,0.000000E+00,0.000000E+00,2.109942E+01,2.440740E+01,2.389942E+01,4.796509E+01,1.474391E+03,0.000000E+00,5.039738E-02,0.000000E+00,0.000000E+00,0.000000E+00,0.000000E+00,0.000000E+00,0.000000E+00,0.000000E+00,0.000000E+00,0.000000E+00,2.109946E+01,2.440289E+01,2.252569E+01,5.231551E+01,2.045767E+03,0.000000E+00,6.992786E-02,0.000000E+00,0.000000E+00,0.000000E+00,0.000000E+00,0.000000E+00,0.000000E+00,0.000000E+00,0.000000E+00,0.000000E+00,2.109938E+01,2.275566E+01,2.248803E+01,5.364987E+01
06:15:00,3.564642E+03,0.000000E+00,1.218458E-01,0.000000E+00,0.000000E+00,0.000000E+00,0.000000E+00,0.000000E+00,0.000000E+00,0.000000E+00,0.000000E+00,0.000000E+00,2.109942E+01,2.443407E+01,2.253104E+01,5.276818E+01,1.474391E+03,1.010364E+03,5.039738E-02,1.255179E-01,0.000000E+00,0.000000E+00,0.000000E+00,0.000000E+00,0.000000E+00,0.000000E+00,0.000000E+00,0.000000E+00,2.109946E+01,2.440289E+01,2.389965E+01,4.783117E+01,3.452186E+03,2.778126E+03,1.180018E-01,3.448144E-01,0.000000E+00,0.000000E+00,0.000000E+00,0.000000E+00,0.000000E+00,0.000000E+00,0.000000E+00,0.000000E+00,2.109942E+01,2.440740E+01,2.389968E+01,4.771229E+01,1.474391E+03,0.000000E+00,5.039738E-02,0.000000E+00,0.000000E+00,0.000000E+00,0.000000E+00,0.000000E+00,0.000000E+00,0.000000E+00,0.000000E+00,0.000000E+00,2.109946E+01,2.440289E+01,2.268811E+01,5.180214E+01,2.045767E+03,0.000000E+00,6.992786E-02,0.000000E+00,0.000000E+00,0.000000E+00,0.000000E+00,0.000000E+00,0.000000E+00,0.000000E+00,0.000000E+00,0.000000E+00,2.109938E+01,2.275566E+01,2.255656E+01,5.342695E+01
06:30:00,3.564642E+03,0.000000E+00,1.218458E-01,0.000000E+00,0.000000E+00,0.000000E+00,0.000000E+00,0.000000E+00,0.000000E+00,0.000000E+00,0.000000E+00,0.000000E+00,2.109942E+01,2.443407E+01,2.267795E+01,5.229961E+01,1.474391E+03,1.360443E+03,5.039738E-02,1.685827E-01,0.000000E+00,0.000000E+00,0.000000E+00,0.000000E+00,0.000000E+00,0.000000E+00,0.000000E+00,0.000000E+00,2.109946E+01,2.440289E+01,2.389980E+01,4.765919E+01,3.452186E+03,3.262189E+03,1.180018E-01,4.042457E-01,0.000000E+00,0.000000E+00,0.000000E+00,0.000000E+00,0.000000E+00,0.000000E+00,0.000000E+00,0.000000E+00,2.109942E+01,2.440740E+01,2.389987E+01,4.762103E+01,1.474391E+03,0.000000E+00,5.039738E-02,0.000000E+00,0.000000E+00,0.000000E+00,0.000000E+00,0.000000E+00,0.000000E+00,0.000000E+00,0.000000E+00,0.000000E+00,2.109946E+01,2.440289E+01,2.286955E+01,5.123538E+01,2.045767E+03,0.000000E+00,6.992786E-02,0.000000E+00,0.000000E+00,0.000000E+00,0.000000E+00,0.000000E+00,0.000000E+00,0.000000E+00,0.000000E+00,0.000000E+00,2.109938E+01,2.275566E+01,2.264669E+01,5.313538E+01
06:45:00,3.564642E+03,0.000000E+00,1.218458E-01,0.000000E+00,0.000000E+00,0.000000E+00,0.000000E+00,0.000000E+00,0.000000E+00,0.000000E+00,0.000000E+00,0.000000E+00,2.109942E+01,2.443407E+01,2.284425E+01,5.177481E+01,1.474391E+03,1.655551E+03,5.039738E-02,2.051449E-01,0.000000E+00,0.000000E+00,0.000000E+00,0.000000E+00,0.000000E+00,0.000000E+00,0.000000E+00,0.000000E+00,2.109946E+01,2.440289E+01,2.389992E+01,4.761355E+01,3.452186E+03,3.609334E+03,1.180018E-01,4.472446E-01,0.000000E+00,0.000000E+00,0.000000E+00,0.000000E+00,0.000000E+00,0.000000E+00,0.000000E+00,0.000000E+00,2.109942E+01,2.440740E+01,2.389997E+01,4.761380E+01,1.474391E+03,0.000000E+00,5.039738E-02,0.000000E+00,0.000000E+00,0.000000E+00,0.000000E+00,0.000000E+00,0.000000E+00,0.000000E+00,0.000000E+00,0.000000E+00,2.109946E+01,2.440289E+01,2.306568E+01,5.063055E+01,2.045767E+03,0.000000E+00,6.992786E-02,0.000000E+00,0.000000E+00,0.000000E+00,0.000000E+00,0.000000E+00,0.000000E+00,0.000000E+00,0.000000E+00,0.000000E+00,2.109938E+01,2.275566E+01,2.274841E+01,5.280847E+01
07:00:00,3.564642E+03,0.000000E+00,1.218458E-01,0.000000E+00,0.000000E+00,0.000000E+00,0.000000E+00,0.000000E+00,0.000000E+00,0.000000E+00,0.000000E+00,0.000000E+00,2.109942E+01,2.443407E+01,2.302616E+01,5.120756E+01,1.474391E+03,1.928410E+03,5.039738E-02,2.389525E-01,0.000000E+00,0.000000E+00,0.000000E+00,0.000000E+00,0.000000E+00,0.000000E+00,0.000000E+00,0.000000E+00,2.109946E+01,2.440289E+01,2.389998E+01,4.761775E+01,3.452186E+03,3.810351E+03,1.180018E-01,4.721455E-01,0.000000E+00,0.000000E+00,0.000000E+00,0.000000E+00,0.000000E+00,0.000000E+00,0.000000E+00,0.000000E+00,2.109942E+01,2.440740E+01,2.390000E+01,4.762289E+01,1.474391E+03,0.000000E+00,5.039738E-02,0.000000E+00,0.000000E+00,0.000000E+00,0.000000E+00,0.000000E+00,0.000000E+00,0.000000E+00,0.000000E+00,0.000000E+00,2.109946E+01,2.440289E+01,2.327176E+01,5.000369E+01,2.045767E+03,0.000000E+00,6.992786E-02,0.000000E+00,0.000000E+00,0.000000E+00,0.000000E+00,0.000000E+00,0.000000E+00,0.000000E+00,0.000000E+00,0.000000E+00,2.109938E+01,2.275566E+01,2.285553E+01,5.246664E+01
07:15:00,3.564642E+03,0.000000E+00,1.218458E-01,0.000000E+00,0.000000E+00,0.000000E+00,0.000000E+00,0.000000E+00,0.000000E+00,0.000000E+00,0.000000E+00,0.000000E+00,2.109942E+01,2.443407E+01,2.321993E+01,5.061101E+01,1.474391E+03,2.163704E+03,5.039738E-02,2.681056E-01,0.000000E+00,0.000000E+00,0.000000E+00,0.000000E+00,0.000000E+00,0.000000E+00,0.000000E+00,0.000000E+00,2.109946E+01,2.440289E+01,2.390000E+01,4.762377E+01,3.452186E+03,3.895170E+03,1.180018E-01,4.826511E-01,0.000000E+00,0.000000E+00,0.000000E+00,0.000000E+00,0.000000E+00,0.000000E+00,0.000000E+00,0.000000E+00,2.109942E+01,2.440740E+01,2.390000E+01,4.762512E+01,1.474391E+03,0.000000E+00,5.039738E-02,0.000000E+00,0.000000E+00,0.000000E+00,0.000000E+00,0.000000E+00,0.000000E+00,0.000000E+00,0.000000E+00,0.000000E+00,2.109946E+01,2.440289E+01,2.348349E+01,4.936874E+01,2.045767E+03,0.000000E+00,6.992786E-02,0.000000E+00,0.000000E+00,0.000000E+00,0.000000E+00,0.000000E+00,0.000000E+00,0.000000E+00,0.000000E+00,0.000000E+00,2.109938E+01,2.275566E+01,2.296436E+01,5.212190E+01
07:30:00,3.564642E+03,0.000000E+00,1.218458E-01,0.000000E+00,0.000000E+00,0.000000E+00,0.000000E+00,0.000000E+00,0.000000E+00,0.000000E+00,0.000000E+00,0.000000E+00,2.109942E+01,2.443407E+01,2.343140E+01,4.996886E+01,1.474391E+03,2.364814E+03,5.039738E-02,2.930237E-01,0.000000E+00,0.000000E+00,0.000000E+00,0.000000E+00,0.000000E+00,0.000000E+00,0.000000E+00,0.000000E+00,2.109946E+01,2.440289E+01,2.390000E+01,4.762278E+01,3.452186E+03,3.881095E+03,1.180018E-01,4.809052E-01,0.000000E+00,0.000000E+00,0.000000E+00,0.000000E+00,0.000000E+00,0.000000E+00,0.000000E+00,0.000000E+00,2.109942E+01,2.440740E+01,2.390000E+01,4.762242E+01,1.474391E+03,6.426118E+00,5.039738E-02,8.165024E-04,0.000000E+00,0.000000E+00,0.000000E+00,0.000000E+00,0.000000E+00,0.000000E+00,0.000000E+00,0.000000E+00,2.109946E+01,2.440289E+01,2.370412E+01,4.871676E+01,2.045767E+03,0.000000E+00,6.992786E-02,0.000000E+00,0.000000E+00,0.000000E+00,0.000000E+00,0.000000E+00,0.000000E+00,0.000000E+00,0.000000E+00,0.000000E+00,2.109938E+01,2.275566E+01,2.307249E+01,5.178193E+01
07:45:00,3.564642E+03,4.757537E+00,1.218458E-01,6.073725E-04,0.000000E+00,0.000000E+00,0.000000E+00,0.000000E+00,0.000000E+00,0.000000E+00,0.000000E+00,0.000000E+00,2.109942E+01,2.443407E+01,2.366759E+01,4.926251E+01,1.474391E+03,2.535121E+03,5.039738E-02,3.141259E-01,0.000000E+00,0.000000E+00,0.000000E+00,0.000000E+00,0.000000E+00,0.000000E+00,0.000000E+00,0.000000E+00,2.109946E+01,2.440289E+01,2.390000E+01,4.762020E+01,3.452186E+03,3.785635E+03,1.180018E-01,4.690763E-01,0.000000E+00,0.000000E+00,0.000000E+00,0.000000E+00,0.000000E+00,0.000000E+00,0.000000E+00,0.000000E+00,2.109942E+01,2.440740E+01,2.390000E+01,4.761996E+01,1.474391E+03,4.081887E+01,5.039738E-02,5.078706E-03,0.000000E+00,0.000000E+00,0.000000E+00,0.000000E+00,0.000000E+00,0.000000E+00,0.000000E+00,0.000000E+00,2.109946E+01,2.440289E+01,2.389886E+01,4.814228E+01,2.045767E+03,0.000000E+00,6.992786E-02,0.000000E+00,0.000000E+00,0.000000E+00,0.000000E+00,0.000000E+00,0.000000E+00,0.000000E+00,0.000000E+00,0.000000E+00,2.109938E+01,2.275566E+01,2.317862E+01,5.145065E+01
08:00:00,3.564642E+03,7.846620E+01,1.218458E-01,9.741122E-03,0.000000E+00,0.000000E+00,0.000000E+00,0.000000E+00,0.000000E+00,0.000000E+00,0.000000E+00,0.000000E+00,2.109942E+01,2.443407E+01,2.389953E+01,4.857564E+01,1.474391E+03,2.675935E+03,5.039738E-02,3.315739E-01,0.000000E+00,0.000000E+00,0.000000E+00,0.000000E+00,0.000000E+00,0.000000E+00,0.000000E+00,0.000000E+00,2.109946E+01,2.440289E+01,2.390000E+01,4.761922E+01,3.452186E+03,3.623253E+03,1.180018E-01,4.489556E-01,0.000000E+00,0.000000E+00,0.000000E+00,0.000000E+00,0.000000E+00,0.000000E+00,0.000000E+00,0.000000E+00,2.109942E+01,2.440740E+01,2.390000E+01,4.761919E+01,1.474391E+03,8.184178E+01,5.039738E-02,1.016188E-02,0.000000E+00,0.000000E+00,0.000000E+00,0.000000E+00,0.000000E+00,0.000000E+00,0.000000E+00,0.000000E+00,2.109946E+01,2.440289E+01,2.389992E+01,4.810071E+01,2.045767E+03,0.000000E+00,6.992786E-02,0.000000E+00,0.000000E+00,0.000000E+00,0.000000E+00,0.000000E+00,0.000000E+00,0.000000E+00,0.000000E+00,0.000000E+00,2.109938E+01,2.275566E+01,2.328165E+01,5.113132E+01
08:15:00,3.564642E+03,4.683958E+02,1.218458E-01,5.805815E-02,0.000000E+00,0.000000E+00,0.000000E+00,0.000000E+00,0.000000E+00,0.000000E+00,0.000000E+00,0.000000E+00,2.109942E+01,2.443407E+01,2.389983E+01,4.885094E+01,1.474391E+03,2.932902E+03,5.039738E-02,3.634145E-01,0.000000E+00,0.000000E+00,0.000000E+00,0.000000E+00,0.000000E+00,0.000000E+00,0.000000E+00,0.000000E+00,2.109946E+01,2.440289E+01,2.390000E+01,4.788533E+01,3.452186E+03,3.738579E+03,1.180018E-01,4.632455E-01,0.000000E+00,0.000000E+00,0.000000E+00,0.000000E+00,0.000000E+00,0.000000E+00,0.000000E+00,0.000000E+00,2.109942E+01,2.440740E+01,2.390000E+01,4.794310E+01,1.474391E+03,2.866569E+02,5.039738E-02,3.554069E-02,0.000000E+00,0.000000E+00,0.000000E+00,0.000000E+00,0.000000E+00,0.000000E+00,0.000000E+00,0.000000E+00,2.109946E+01,2.440289E+01,2.389992E+01,4.841712E+01,2.045767E+03,4.482139E+02,6.992786E-02,5.669552E-02,0.000000E+00,0.000000E+00,0.000000E+00,0.000000E+00,0.000000E+00,0.000000E+00,0.000000E+00,0.000000E+00,2.109938E+01,2.275566E+01,2.362933E+01,5.044688E+01
08:30:00,3.564642E+03,9.731948E+02,1.218458E-01,1.206111E-01,0.000000E+00,0.000000E+00,0.000000E+00,0.000000E+00,0.000000E+00,0.000000E+00,0.000000E+00,0.000000E+00,2.109942E+01,2.443407E+01,2.389955E+01,5.014618E+01,1.474391E+03,3.183558E+03,5.039738E-02,3.944797E-01,0.000000E+00,0.000000E+00,0.000000E+00,0.000000E+00,0.000000E+00,0.000000E+00,0.000000E+00,0.000000E+00,2.109946E+01,2.440289E+01,2.389953E+01,4.861040E+01,3.452186E+03,3.858052E+03,1.180018E-01,4.780554E-01,0.000000E+00,0.000000E+00,0.000000E+00,0.000000E+00,0.000000E+00,0.000000E+00,0.000000E+00,0.000000E+00,2.109942E+01,2.440740E+01,2.389963E+01,4.898200E+01,1.474391E+03,5.159856E+02,5.039738E-02,6.393766E-02,0.000000E+00,0.000000E+00,0.000000E+00,0.000000E+00,0.000000E+00,0.000000E+00,0.000000E+00,0.000000E+00,2.109946E+01,2.440289E+01,2.389967E+01,4.982221E+01,2.045767E+03,1.135252E+03,6.992786E-02,1.418576E-01,0.000000E+00,0.000000E+00,0.000000E+00,0.000000E+00,0.000000E+00,0.000000E+00,0.000000E+00,0.000000E+00,2.109938E+01,2.275566E+01,2.389707E+01,5.086298E+01
08:45:00,3.564642E+03,1.525866E+03,1.218458E-01,1.890837E-01,0.000000E+00,0.000000E+00,0.000000E+00,0.000000E+00,0.000000E+00,0.000000E+00,0.000000E+00,0.000000E+00,2.109942E+01,2.443407E+01,2.389894E+01,5.087506E+01,1.474391E+03,3.419453E+03,5.039738E-02,4.237275E-01,0.000000E+00,0.000000E+00,0.000000E+00,0.000000E+00,0.000000E+00,0.000000E+00,0.000000E+00,0.000000E+00,2.109946E+01,2.440289E+01,2.389874E+01,4.876320E+01,3.452186E+03,3.979515E+03,1.180018E-01,4.931228E-01,0.000000E+00,0.000000E+00,0.000000E+00,0.000000E+00,0.000000E+00,0.000000E+00,0.000000E+00,0.000000E+00,2.109942E+01,2.440740E+01,2.389893E+01,4.946109E+01,1.474391E+03,7.407282E+02,5.039738E-02,9.178854E-02,0.000000E+00,0.000000E+00,0.000000E+00,0.000000E+00,0.000000E+00,0.000000E+00,0.000000E+00,0.000000E+00,2.109946E+01,2.440289E+01,2.389908E+01,5.066810E+01,2.045767E+03,1.781295E+03,6.992786E-02,2.219235E-01,0.000000E+00,0.000000E+00,0.000000E+00,0.000000E+00,0.000000E+00,0.000000E+00,0.000000E+00,0.000000E+00,2.109938E+01,2.275566E+01,2.389852E+01,5.170705E+01
09:00:00,3.564642E+03,2.052968E+03,1.218458E-01,2.544108E-01,0.000000E+00,0.000000E+00,0.000000E+00,0.000000E+00,0.000000E+00,0.000000E+00,0.000000E+00,0.000000E+00,2.109942E+01,2.443407E+01,2.389844E+01,5.145577E+01,1.474391E+03,3.630251E+03,5.039738E-02,4.498728E-01,0.000000E+00,0.000000E+00,0.000000E+00,0.000000E+00,0.000000E+00,0.000000E+00,0.000000E+00,0.000000E+00,2.109946E+01,2.440289E+01,2.389825E+01,4.875028E+01,3.452186E+03,4.110254E+03,1.180018E-01,5.093458E-01,0.000000E+00,0.000000E+00,0.000000E+00,0.000000E+00,0.000000E+00,0.000000E+00,0.000000E+00,0.000000E+00,2.109942E+01,2.440740E+01,2.389846E+01,4.978970E+01,1.474391E+03,9.797126E+02,5.039738E-02,1.214073E-01,0.000000E+00,0.000000E+00,0.000000E+00,0.000000E+00,0.000000E+00,0.000000E+00,0.000000E+00,0.000000E+00,2.109946E+01,2.440289E+01,2.389854E+01,5.134221E+01,2.045767E+03,2.490295E+03,6.992786E-02,3.097920E-01,0.000000E+00,0.000000E+00,0.000000E+00,0.000000E+00,0.000000E+00,0.000000E+00,0.000000E+00,0.000000E+00,2.109938E+01,2.275566E+01,2.389849E+01,5.263315E+01
09:15:00,3.564642E+03,2.411436E+03,1.218458E-01,2.988508E-01,0.000000E+00,0.000000E+00,0.000000E+00,0.000000E+00,0.000000E+00,0.000000E+00,0.000000E+00,0.000000E+00,2.109942E+01,2.443407E+01,2.389800E+01,5.147243E+01,1.474391E+03,3.721038E+03,5.039738E-02,4.611515E-01,0.000000E+00,0.000000E+00,0.000000E+00,0.000000E+00,0.000000E+00,0.000000E+00,0.000000E+00,0.000000E+00,2.109946E+01,2.440289E+01,2.389807E+01,4.868355E+01,3.452186E+03,4.042299E+03,1.180018E-01,5.009545E-01,0.000000E+00,0.000000E+00,0.000000E+00,0.000000E+00,0.000000E+00,0.000000E+00,0.000000E+00,0.000000E+00,2.109942E+01,2.440740E+01,2.389819E+01,4.986430E+01,1.474391E+03,1.118645E+03,5.039738E-02,1.386326E-01,0.000000E+00,0.000000E+00,0.000000E+00,0.000000E+00,0.000000E+00,0.000000E+00,0.000000E+00,0.000000E+00,2.109946E+01,2.440289E+01,2.389804E+01,5.138131E+01,2.045767E+03,2.996547E+03,6.992786E-02,3.713935E-01,0.000000E+00,0.000000E+00,0.000000E+00,0.000000E+00,0.000000E+00,0.000000E+00,0.000000E+00,0.000000E+00,2.109938E+01,2.275566E+01,2.389803E+01,5.303509E+01
09:30:00,3.564642E+03,2.691213E+03,1.218458E-01,3.335449E-01,0.000000E+00,0.000000E+00,0.000000E+00,0.000000E+00,0.000000E+00,0.000000E+00,0.000000E+00,0.000000E+00,2.109942E+01,2.443407E+01,2.389751E+01,5.103302E+01,1.474391E+03,3.771694E+03,5.039738E-02,4.674514E-01,0.000000E+00,0.000000E+00,0.000000E+00,0.000000E+00,0.000000E+00,0.000000E+00,0.000000E+00,0.000000E+00,2.109946E+01,2.440289E+01,2.389801E+01,4.864225E+01,3.452186E+03,3.972966E+03,1.180018E-01,4.923886E-01,0.000000E+00,0.000000E+00,0.000000E+00,0.000000E+00,0.000000E+00,0.000000E+00,0.000000E+00,0.000000E+00,2.109942E+01,2.440740E+01,2.389798E+01,4.980058E+01,1.474391E+03,1.242343E+03,5.039738E-02,1.539726E-01,0.000000E+00,0.000000E+00,0.000000E+00,0.000000E+00,0.000000E+00,0.000000E+00,0.000000E+00,0.000000E+00,2.109946E+01,2.440289E+01,2.389757E+01,5.095268E+01,2.045767E+03,3.293701E+03,6.992786E-02,4.082253E-01,0.000000E+00,0.000000E+00,0.000000E+00,0.000000E+00,0.000000E+00,0.000000E+00,0.000000E+00,0.000000E+00,2.109938E+01,2.275566E+01,2.389720E+01,5.269304E+01
09:45:00,3.564642E+03,2.948344E+03,1.218458E-01,3.654278E-01,0.000000E+00,0.000000E+00,0.000000E+00,0.000000E+00,0.000000E+00,0.000000E+00,0.000000E+00,0.000000E+00,2.109942E+01,2.443407E+01,2.389756E+01,5.059781E+01,1.474391E+03,3.787718E+03,5.039738E-02,4.694474E-01,0.000000E+00,0.000000E+00,0.000000E+00,0.000000E+00,0.000000E+00,0.000000E+00,0.000000E+00,0.000000E+00,2.109946E+01,2.440289E+01,2.389805E+01,4.864356E+01,3.452186E+03,3.927800E+03,1.180018E-01,4.868051E-01,0.000000E+00,0.000000E+00,0.000000E+00,0.000000E+00,0.000000E+00,0.000000E+00,0.000000E+00,0.000000E+00,2.109942E+01,2.440740E+01,2.389802E+01,4.977805E+01,1.474391E+03,1.355518E+03,5.039738E-02,1.680061E-01,0.000000E+00,0.000000E+00,0.000000E+00,0.000000E+00,0.000000E+00,0.000000E+00,0.000000E+00,0.000000E+00,2.109946E+01,2.440289E+01,2.389762E+01,5.053867E+01,2.045767E+03,3.654498E+03,6.992786E-02,4.529615E-01,0.000000E+00,0.000000E+00,0.000000E+00,0.000000E+00,0.000000E+00,0.000000E+00,0.000000E+00,0.000000E+00,2.109938E+01,2.275566E+01,2.389715E+01,5.215130E+01
10:00:00,3.564642E+03,3.189543E+03,1.218458E-01,3.953298E-01,0.000000E+00,0.000000E+00,0.000000E+00,0.000000E+00,0.000000E+00,0.000000E+00,0.000000E+00,0.000000E+00,2.109942E+01,2.443407E+01,2.389775E+01,5.034931E+01,1.474391E+03,3.779167E+03,5.039738E-02,4.683900E-01,0.000000E+00,0.000000E+00,0.000000E+00,0.000000E+00,0.000000E+00,0.000000E+00,0.000000E+00,0.000000E+00,2.109946E+01,2.440289E+01,2.389809E+01,4.866425E+01,3.452186E+03,3.924465E+03,1.180018E-01,4.863974E-01,0.000000E+00,0.000000E+00,0.000000E+00,0.000000E+00,0.000000E+00,0.000000E+00,0.000000E+00,0.000000E+00,2.109942E+01,2.440740E+01,2.389808E+01,4.981781E+01,1.474391E+03,1.459437E+03,5.039738E-02,1.808895E-01,0.000000E+00,0.000000E+00,0.000000E+00,0.000000E+00,0.000000E+00,0.000000E+00,0.000000E+00,0.000000E+00,2.109946E+01,2.440289E+01,2.389781E+01,5.031427E+01,2.045767E+03,3.970338E+03,6.992786E-02,4.921230E-01,0.000000E+00,0.000000E+00,0.000000E+00,0.000000E+00,0.000000E+00,0.000000E+00,0.000000E+00,0.000000E+00,2.109938E+01,2.275566E+01,2.389735E+01,5.175803E+01
10:15:00,3.564642E+03,3.310130E+03,1.218458E-01,4.102770E-01,0.000000E+00,0.000000E+00,0.000000E+00,0.000000E+00,0.000000E+00,0.000000E+00,0.000000E+00,0.000000E+00,2.109942E+01,2.443407E+01,2.389788E+01,5.023671E+01,1.474391E+03,3.697988E+03,5.039738E-02,4.583281E-01,0.000000E+00,0.000000E+00,0.000000E+00,0.000000E+00,0.000000E+00,0.000000E+00,0.000000E+00,0.000000E+00,2.109946E+01,2.440289E+01,2.389811E+01,4.869145E+01,3.452186E+03,3.863884E+03,1.180018E-01,4.788907E-01,0.000000E+00,0.000000E+00,0.000000E+00,0.000000E+00,0.000000E+00,0.000000E+00,0.000000E+00,0.000000E+00,2.109942E+01,2.440740E+01,2.389808E+01,4.986803E+01,1.474391E+03,1.510836E+03,5.039738E-02,1.872606E-01,0.000000E+00,0.000000E+00,0.000000E+00,0.000000E+00,0.000000E+00,0.000000E+00,0.000000E+00,0.000000E+00,2.109946E+01,2.440289E+01,2.389793E+01,5.021895E+01,2.045767E+03,4.068367E+03,6.992786E-02,5.042809E-01,0.000000E+00,0.000000E+00,0.000000E+00,0.000000E+00,0.000000E+00,0.000000E+00,0.000000E+00,0.000000E+00,2.109938E+01,2.275566E+01,2.389753E+01,5.155774E+01
10:30:00,3.564642E+03,3.418959E+03,1.218458E-01,4.237571E-01,0.000000E+00,0.000000E+00,0.000000E+00,0.000000E+00,0.000000E+00,0.000000E+00,0.000000E+00,0.000000E+00,2.109942E+01,2.443407E+01,2.389816E+01,5.014375E+01,1.474391E+03,3.589820E+03,5.039738E-02,4.449179E-01,0.000000E+00,0.000000E+00,0.000000E+00,0.000000E+00,0.000000E+00,0.000000E+00,0.000000E+00,0.000000E+00,2.109946E+01,2.440289E+01,2.389830E+01,4.873897E+01,3.452186E+03,3.842045E+03,1.180018E-01,4.761799E-01,0.000000E+00,0.000000E+00,0.000000E+00,0.000000E+00,0.000000E+00,0.000000E+00,0.000000E+00,0.000000E+00,2.109942E+01,2.440740E+01,2.389824E+01,4.988302E+01,1.474391E+03,1.556409E+03,5.039738E-02,1.929053E-01,0.000000E+00,0.000000E+00,0.000000E+00,0.000000E+00,0.000000E+00,0.000000E+00,0.000000E+00,0.000000E+00,2.109946E+01,2.440289E+01,2.389818E+01,5.013825E+01,2.045767E+03,4.153209E+03,6.992786E-02,5.147850E-01,0.000000E+00,0.000000E+00,0.000000E+00,0.000000E+00,0.000000E+00,0.000000E+00,0.000000E+00,0.000000E+00,2.109938E+01,2.275566E+01,2.389794E+01,5.142791E+01
10:45:00,3.564642E+03,3.517952E+03,1.218458E-01,4.360137E-01,0.000000E+00,0.000000E+00,0.000000E+00,0.000000E+00,0.000000E+00,0.000000E+00,0.000000E+00,0.000000E+00,2.109942E+01,2.443407E+01,2.389849E+01,5.007189E+01,1.474391E+03,3.458249E+03,5.039738E-02,4.286048E-01,0.000000E+00,0.000000E+00,0.000000E+00,0.000000E+00,0.000000E+00,0.000000E+00,0.000000E+00,0.000000E+00,2.109946E+01,2.440289E+01,2.389854E+01,4.878669E+01,3.452186E+03,3.851965E+03,1.180018E-01,4.774019E-01,0.000000E+00,0.000000E+00,0.000000E+00,0.000000E+00,0.000000E+00,0.000000E+00,0.000000E+00,0.000000E+00,2.109942E+01,2.440740E+01,2.389851E+01,4.986840E+01,1.474391E+03,1.597753E+03,5.039738E-02,1.980242E-01,0.000000E+00,0.000000E+00,0.000000E+00,0.000000E+00,0.000000E+00,0.000000E+00,0.000000E+00,0.000000E+00,2.109946E+01,2.440289E+01,2.389849E+01,5.007301E+01,2.045767E+03,4.230782E+03,6.992786E-02,5.243800E-01,0.000000E+00,0.000000E+00,0.000000E+00,0.000000E+00,0.000000E+00,0.000000E+00,0.000000E+00,0.000000E+00,2.109938E+01,2.275566E+01,2.389836E+01,5.135443E+01
11:00:00,3.564642E+03,3.610073E+03,1.218458E-01,4.474201E-01,0.000000E+00,0.000000E+00,0.000000E+00,0.000000E+00,0.000000E+00,0.000000E+00,0.000000E+00,0.000000E+00,2.109942E+01,2.443407E+01,2.389854E+01,5.000718E+01,1.474391E+03,3.306727E+03,5.039738E-02,4.098194E-01,0.000000E+00,0.000000E+00,0.000000E+00,0.000000E+00,0.000000E+00,0.000000E+00,0.000000E+00,0.000000E+00,2.109946E+01,2.440289E+01,2.389858E+01,4.884613E+01,3.452186E+03,3.878182E+03,1.180018E-01,4.806440E-01,0.000000E+00,0.000000E+00,0.000000E+00,0.000000E+00,0.000000E+00,0.000000E+00,0.000000E+00,0.000000E+00,2.109942E+01,2.440740E+01,2.389855E+01,4.984896E+01,1.474391E+03,1.635236E+03,5.039738E-02,2.026651E-01,0.000000E+00,0.000000E+00,0.000000E+00,0.000000E+00,0.000000E+00,0.000000E+00,0.000000E+00,0.000000E+00,2.109946E+01,2.440289E+01,2.389853E+01,5.001406E+01,2.045767E+03,4.303865E+03,6.992786E-02,5.334205E-01,0.000000E+00,0.000000E+00,0.000000E+00,0.000000E+00,0.000000E+00,0.000000E+00,0.000000E+00,0.000000E+00,2.109938E+01,2.275566E+01,2.389840E+01,5.128990E+01
11:15:00,3.564642E+03,3.654971E+03,1.218458E-01,4.529744E-01,0.000000E+00,0.000000E+00,0.000000E+00,0.000000E+00,0.000000E+00,0.000000E+00,0.000000E+00,0.000000E+00,2.109942E+01,2.443407E+01,2.389861E+01,4.989900E+01,1.474391E+03,3.120625E+03,5.039738E-02,3.867479E-01,0.000000E+00,0.000000E+00,0.000000E+00,0.000000E+00,0.000000E+00,0.000000E+00,0.000000E+00,0.000000E+00,2.109946E+01,2.440289E+01,2.389866E+01,4.886442E+01,3.452186E+03,3.868277E+03,1.180018E-01,4.794084E-01,0.000000E+00,0.000000E+00,0.000000E+00,0.000000E+00,0.000000E+00,0.000000E+00,0.000000E+00,0.000000E+00,2.109942E+01,2.440740E+01,2.389862E+01,4.977839E+01,1.474391E+03,1.651754E+03,5.039738E-02,2.047081E-01,0.000000E+00,0.000000E+00,0.000000E+00,0.000000E+00,0.000000E+00,0.000000E+00,0.000000E+00,0.000000E+00,2.109946E+01,2.440289E+01,2.389861E+01,4.991016E+01,2.045767E+03,4.291893E+03,6.992786E-02,5.319211E-01,0.000000E+00,0.000000E+00,0.000000E+00,0.000000E+00,0.000000E+00,0.000000E+00,0.000000E+00,0.000000E+00,2.109938E+01,2.275566E+01,2.389848E+01,5.118618E+01
11:30:00,3.564642E+03,3.686929E+03,1.218458E-01,4.569269E-01,0.000000E+00,0.000000E+00,0.000000E+00,0.000000E+00,0.000000E+00,0.000000E+00,0.000000E+00,0.000000E+00,2.109942E+01,2.443407E+01,2.389873E+01,4.966267E+01,1.474391E+03,2.921971E+03,5.039738E-02,3.621226E-01,0.000000E+00,0.000000E+00,0.000000E+00,0.000000E+00,0.000000E+00,0.000000E+00,0.000000E+00,0.000000E+00,2.109946E+01,2.440289E+01,2.389879E+01,4.879570E+01,3.452186E+03,3.856264E+03,1.180018E-01,4.779123E-01,0.000000E+00,0.000000E+00,0.000000E+00,0.000000E+00,0.000000E+00,0.000000E+00,0.000000E+00,0.000000E+00,2.109942E+01,2.440740E+01,2.389873E+01,4.957344E+01,1.474391E+03,1.663088E+03,5.039738E-02,2.061092E-01,0.000000E+00,0.000000E+00,0.000000E+00,0.000000E+00,0.000000E+00,0.000000E+00,0.000000E+00,0.000000E+00,2.109946E+01,2.440289E+01,2.389873E+01,4.967369E+01,2.045767E+03,4.270918E+03,6.992786E-02,5.293105E-01,0.000000E+00,0.000000E+00,0.000000E+00,0.000000E+00,0.000000E+00,0.000000E+00,0.000000E+00,0.000000E+00,2.109938E+01,2.275566E+01,2.389860E+01,5.093629E+01
11:45:00,3.564642E+03,3.709936E+03,1.218458E-01,4.597734E-01,0.000000E+00,0.000000E+00,0.000000E+00,0.000000E+00,0.000000E+00,0.000000E+00,0.000000E+00,0.000000E+00,2.109942E+01,2.443407E+01,2.389882E+01,4.952264E+01,1.474391E+03,2.718424E+03,5.039738E-02,3.368932E-01,0.000000E+00,0.000000E+00,0.000000E+00,0.000000E+00,0.000000E+00,0.000000E+00,0.000000E+00,0.000000E+00,2.109946E+01,2.440289E+01,2.389888E+01,4.882930E+01,3.452186E+03,3.840701E+03,1.180018E-01,4.759788E-01,0.000000E+00,0.000000E+00,0.000000E+00,0.000000E+00,0.000000E+00,0.000000E+00,0.000000E+00,0.000000E+00,2.109942E+01,2.440740E+01,2.389882E+01,4.945833E+01,1.474391E+03,1.670638E+03,5.039738E-02,2.070427E-01,0.000000E+00,0.000000E+00,0.000000E+00,0.000000E+00,0.000000E+00,0.000000E+00,0.000000E+00,0.000000E+00,2.109946E+01,2.440289E+01,2.389882E+01,4.953723E+01,2.045767E+03,4.242839E+03,6.992786E-02,5.258251E-01,0.000000E+00,0.000000E+00,0.000000E+00,0.000000E+00,0.000000E+00,0.000000E+00,0.000000E+00,0.000000E+00,2.109938E+01,2.275566E+01,2.389869E+01,5.074249E+01
12:00:00,3.564642E+03,3.723208E+03,1.218458E-01,4.614136E-01,0.000000E+00,0.000000E+00,0.000000E+00,0.000000E+00,0.000000E+00,0.000000E+00,0.000000E+00,0.000000E+00,2.109942E+01,2.443407E+01,2.389884E+01,4.948068E+01,1.474391E+03,2.519229E+03,5.039738E-02,3.122040E-01,0.000000E+00,0.000000E+00,0.000000E+00,0.000000E+00,0.000000E+00,0.000000E+00,0.000000E+00,0.000000E+00,2.109946E+01,2.440289E+01,2.389889E+01,4.891982E+01,3.452186E+03,3.825272E+03,1.180018E-01,4.740623E-01,0.000000E+00,0.000000E+00,0.000000E+00,0.000000E+00,0.000000E+00,0.000000E+00,0.000000E+00,0.000000E+00,2.109942E+01,2.440740E+01,2.389884E+01,4.943373E+01,1.474391E+03,1.675270E+03,5.039738E-02,2.076147E-01,0.000000E+00,0.000000E+00,0.000000E+00,0.000000E+00,0.000000E+00,0.000000E+00,0.000000E+00,0.000000E+00,2.109946E+01,2.440289E+01,2.389884E+01,4.949863E+01,2.045767E+03,4.209776E+03,6.992786E-02,5.217221E-01,0.000000E+00,0.000000E+00,0.000000E+00,0.000000E+00,0.000000E+00,0.000000E+00,0.000000E+00,0.000000E+00,2.109938E+01,2.275566E+01,2.389872E+01,5.065469E+01
12:15:00,3.564642E+03,3.688543E+03,1.218458E-01,4.571144E-01,0.000000E+00,0.000000E+00,0.000000E+00,0.000000E+00,0.000000E+00,0.000000E+00,0.000000E+00,0.000000E+00,2.109942E+01,2.443407E+01,2.389884E+01,4.945995E+01,1.474391E+03,2.316338E+03,5.039738E-02,2.870578E-01,0.000000E+00,0.000000E+00,0.000000E+00,0.000000E+00,0.000000E+00,0.000000E+00,0.000000E+00,0.000000E+00,2.109946E+01,2.440289E+01,2.389889E+01,4.899379E+01,3.452186E+03,3.766203E+03,1.180018E-01,4.667387E-01,0.000000E+00,0.000000E+00,0.000000E+00,0.000000E+00,0.000000E+00,0.000000E+00,0.000000E+00,0.000000E+00,2.109942E+01,2.440740E+01,2.389884E+01,4.942367E+01,1.474391E+03,1.659005E+03,5.039738E-02,2.055975E-01,0.000000E+00,0.000000E+00,0.000000E+00,0.000000E+00,0.000000E+00,0.000000E+00,0.000000E+00,0.000000E+00,2.109946E+01,2.440289E+01,2.389883E+01,4.947885E+01,2.045767E+03,4.090558E+03,6.992786E-02,5.069435E-01,0.000000E+00,0.000000E+00,0.000000E+00,0.000000E+00,0.000000E+00,0.000000E+00,0.000000E+00,0.000000E+00,2.109938E+01,2.275566E+01,2.389872E+01,5.061251E+01
12:30:00,3.564642E+03,3.645336E+03,1.218458E-01,4.517616E-01,0.000000E+00,0.000000E+00,0.000000E+00,0.000000E+00,0.000000E+00,0.000000E+00,0.000000E+00,0.000000E+00,2.109942E+01,2.443407E+01,2.389860E+01,4.908644E+01,1.474391E+03,2.135317E+03,5.039738E-02,2.646247E-01,0.000000E+00,0.000000E+00,0.000000E+00,0.000000E+00,0.000000E+00,0.000000E+00,0.000000E+00,0.000000E+00,2.109946E+01,2.440289E+01,2.389872E+01,4.871257E+01,3.452186E+03,3.701666E+03,1.180018E-01,4.587425E-01,0.000000E+00,0.000000E+00,0.000000E+00,0.000000E+00,0.000000E+00,0.000000E+00,0.000000E+00,0.000000E+00,2.109942E+01,2.440740E+01,2.389860E+01,4.905904E+01,1.474391E+03,1.638559E+03,5.039738E-02,2.030644E-01,0.000000E+00,0.000000E+00,0.000000E+00,0.000000E+00,0.000000E+00,0.000000E+00,0.000000E+00,0.000000E+00,2.109946E+01,2.440289E+01,2.389861E+01,4.909300E+01,2.045767E+03,3.960921E+03,6.992786E-02,4.908794E-01,0.000000E+00,0.000000E+00,0.000000E+00,0.000000E+00,0.000000E+00,0.000000E+00,0.000000E+00,0.000000E+00,2.109938E+01,2.275566E+01,2.389847E+01,5.022043E+01
12:45:00,3.564642E+03,3.596965E+03,1.218458E-01,4.457677E-01,0.000000E+00,0.000000E+00,0.000000E+00,0.000000E+00,0.000000E+00,0.000000E+00,0.000000E+00,0.000000E+00,2.109942E+01,2.443407E+01,2.389878E+01,4.874102E+01,1.474391E+03,1.984947E+03,5.039738E-02,2.459893E-01,0.000000E+00,0.000000E+00,0.000000E+00,0.000000E+00,0.000000E+00,0.000000E+00,0.000000E+00,0.000000E+00,2.109946E+01,2.440289E+01,2.389892E+01,4.849461E+01,3.452186E+03,3.633874E+03,1.180018E-01,4.503418E-01,0.000000E+00,0.000000E+00,0.000000E+00,0.000000E+00,0.000000E+00,0.000000E+00,0.000000E+00,0.000000E+00,2.109942E+01,2.440740E+01,2.389878E+01,4.872475E+01,1.474391E+03,1.616001E+03,5.039738E-02,2.002690E-01,0.000000E+00,0.000000E+00,0.000000E+00,0.000000E+00,0.000000E+00,0.000000E+00,0.000000E+00,0.000000E+00,2.109946E+01,2.440289E+01,2.389880E+01,4.874347E+01,2.045767E+03,3.824550E+03,6.992786E-02,4.739800E-01,0.000000E+00,0.000000E+00,0.000000E+00,0.000000E+00,0.000000E+00,0.000000E+00,0.000000E+00,0.000000E+00,2.109938E+01,2.275566E+01,2.389861E+01,4.977959E+01
13:00:00,3.564642E+03,3.545157E+03,1.218458E-01,4.393447E-01,0.000000E+00,0.000000E+00,0.000000E+00,0.000000E+00,0.000000E+00,0.000000E+00,0.000000E+00,0.000000E+00,2.109942E+01,2.443407E+01,2.389903E+01,4.859260E+01,1.474391E+03,1.866391E+03,5.039738E-02,2.312953E-01,0.000000E+00,0.000000E+00,0.000000E+00,0.000000E+00,0.000000E+00,0.000000E+00,0.000000E+00,0.000000E+00,2.109946E+01,2.440289E+01,2.389914E+01,4.844393E+01,3.452186E+03,3.563763E+03,1.180018E-01,4.416505E-01,0.000000E+00,0.000000E+00,0.000000E+00,0.000000E+00,0.000000E+00,0.000000E+00,0.000000E+00,0.000000E+00,2.109942E+01,2.440740E+01,2.389903E+01,4.858527E+01,1.474391E+03,1.599745E+03,5.039738E-02,1.982531E-01,0.000000E+00,0.000000E+00,0.000000E+00,0.000000E+00,0.000000E+00,0.000000E+00,0.000000E+00,0.000000E+00,2.109946E+01,2.440289E+01,2.389905E+01,4.859936E+01,2.045767E+03,3.683703E+03,6.992786E-02,4.565235E-01,0.000000E+00,0.000000E+00,0.000000E+00,0.000000E+00,0.000000E+00,0.000000E+00,0.000000E+00,0.000000E+00,2.109938E+01,2.275566E+01,2.389882E+01,4.949893E+01
13:15:00,3.564642E+03,3.642488E+03,1.218458E-01,4.514015E-01,0.000000E+00,0.000000E+00,0.000000E+00,0.000000E+00,0.000000E+00,0.000000E+00,0.000000E+00,0.000000E+00,2.109942E+01,2.443407E+01,2.389917E+01,4.857278E+01,1.474391E+03,1.841687E+03,5.039738E-02,2.282312E-01,0.000000E+00,0.000000E+00,0.000000E+00,0.000000E+00,0.000000E+00,0.000000E+00,0.000000E+00,0.000000E+00,2.109946E+01,2.440289E+01,2.389924E+01,4.847648E+01,3.452186E+03,3.643778E+03,1.180018E-01,4.515615E-01,0.000000E+00,0.000000E+00,0.000000E+00,0.000000E+00,0.000000E+00,0.000000E+00,0.000000E+00,0.000000E+00,2.109942E+01,2.440740E+01,2.389917E+01,4.857159E+01,1.474391E+03,1.668764E+03,5.039738E-02,2.068039E-01,0.000000E+00,0.000000E+00,0.000000E+00,0.000000E+00,0.000000E+00,0.000000E+00,0.000000E+00,0.000000E+00,2.109946E+01,2.440289E+01,2.389917E+01,4.857584E+01,2.045767E+03,3.831921E+03,6.992786E-02,4.748878E-01,0.000000E+00,0.000000E+00,0.000000E+00,0.000000E+00,0.000000E+00,0.000000E+00,0.000000E+00,0.000000E+00,2.109938E+01,2.275566E+01,2.389898E+01,4.937707E+01
13:30:00,3.564642E+03,3.753672E+03,1.218458E-01,4.651721E-01,0.000000E+00,0.000000E+00,0.000000E+00,0.000000E+00,0.000000E+00,0.000000E+00,0.000000E+00,0.000000E+00,2.109942E+01,2.443407E+01,2.389916E+01,4.896160E+01,1.474391E+03,1.842241E+03,5.039738E-02,2.282962E-01,0.000000E+00,0.000000E+00,0.000000E+00,0.000000E+00,0.000000E+00,0.000000E+00,0.000000E+00,0.000000E+00,2.109946E+01,2.440289E+01,2.389921E+01,4.889126E+01,3.452186E+03,3.736412E+03,1.180018E-01,4.630332E-01,0.000000E+00,0.000000E+00,0.000000E+00,0.000000E+00,0.000000E+00,0.000000E+00,0.000000E+00,0.000000E+00,2.109942E+01,2.440740E+01,2.389916E+01,4.896581E+01,1.474391E+03,1.773651E+03,5.039738E-02,2.197986E-01,0.000000E+00,0.000000E+00,0.000000E+00,0.000000E+00,0.000000E+00,0.000000E+00,0.000000E+00,0.000000E+00,2.109946E+01,2.440289E+01,2.389914E+01,4.894276E+01,2.045767E+03,3.998104E+03,6.992786E-02,4.954755E-01,0.000000E+00,0.000000E+00,0.000000E+00,0.000000E+00,0.000000E+00,0.000000E+00,0.000000E+00,0.000000E+00,2.109938E+01,2.275566E+01,2.389893E+01,4.975872E+01
13:45:00,3.564642E+03,3.875443E+03,1.218458E-01,4.802614E-01,0.000000E+00,0.000000E+00,0.000000E+00,0.000000E+00,0.000000E+00,0.000000E+00,0.000000E+00,0.000000E+00,2.109942E+01,2.443407E+01,2.389888E+01,4.928389E+01,1.474391E+03,1.856508E+03,5.039738E-02,2.300643E-01,0.000000E+00,0.000000E+00,0.000000E+00,0.000000E+00,0.000000E+00,0.000000E+00,0.000000E+00,0.000000E+00,2.109946E+01,2.440289E+01,2.389892E+01,4.922110E+01,3.452186E+03,3.835876E+03,1.180018E-01,4.753580E-01,0.000000E+00,0.000000E+00,0.000000E+00,0.000000E+00,0.000000E+00,0.000000E+00,0.000000E+00,0.000000E+00,2.109942E+01,2.440740E+01,2.389888E+01,4.929678E+01,1.474391E+03,1.921857E+03,5.039738E-02,2.381655E-01,0.000000E+00,0.000000E+00,0.000000E+00,0.000000E+00,0.000000E+00,0.000000E+00,0.000000E+00,0.000000E+00,2.109946E+01,2.440289E+01,2.389881E+01,4.918716E+01,2.045767E+03,4.175663E+03,6.992786E-02,5.174787E-01,0.000000E+00,0.000000E+00,0.000000E+00,0.000000E+00,0.000000E+00,0.000000E+00,0.000000E+00,0.000000E+00,2.109938E+01,2.275566E+01,2.389872E+01,5.019322E+01
14:00:00,3.564642E+03,4.006442E+03,1.218458E-01,4.965026E-01,0.000000E+00,0.000000E+00,0.000000E+00,0.000000E+00,0.000000E+00,0.000000E+00,0.000000E+00,0.000000E+00,2.109942E+01,2.443407E+01,2.389858E+01,4.937960E+01,1.474391E+03,1.878233E+03,5.039738E-02,2.327603E-01,0.000000E+00,0.000000E+00,0.000000E+00,0.000000E+00,0.000000E+00,0.000000E+00,0.000000E+00,0.000000E+00,2.109946E+01,2.440289E+01,2.389862E+01,4.932899E+01,3.452186E+03,3.939006E+03,1.180018E-01,4.881454E-01,0.000000E+00,0.000000E+00,0.000000E+00,0.000000E+00,0.000000E+00,0.000000E+00,0.000000E+00,0.000000E+00,2.109942E+01,2.440740E+01,2.389858E+01,4.940559E+01,1.474391E+03,2.113116E+03,5.039738E-02,2.618727E-01,0.000000E+00,0.000000E+00,0.000000E+00,0.000000E+00,0.000000E+00,0.000000E+00,0.000000E+00,0.000000E+00,2.109946E+01,2.440289E+01,2.389845E+01,4.916273E+01,2.045767E+03,4.360895E+03,6.992786E-02,5.404406E-01,0.000000E+00,0.000000E+00,0.000000E+00,0.000000E+00,0.000000E+00,0.000000E+00,0.000000E+00,0.000000E+00,2.109938E+01,2.275566E+01,2.389845E+01,5.043065E+01
14:15:00,3.564642E+03,4.092643E+03,1.218458E-01,5.071974E-01,0.000000E+00,0.000000E+00,0.000000E+00,0.000000E+00,0.000000E+00,0.000000E+00,0.000000E+00,0.000000E+00,2.109942E+01,2.443407E+01,2.389842E+01,4.934700E+01,1.474391E+03,1.881823E+03,5.039738E-02,2.332109E-01,0.000000E+00,0.000000E+00,0.000000E+00,0.000000E+00,0.000000E+00,0.000000E+00,0.000000E+00,0.000000E+00,2.109946E+01,2.440289E+01,2.389847E+01,4.932207E+01,3.452186E+03,3.990819E+03,1.180018E-01,4.945781E-01,0.000000E+00,0.000000E+00,0.000000E+00,0.000000E+00,0.000000E+00,0.000000E+00,0.000000E+00,0.000000E+00,2.109942E+01,2.440740E+01,2.389842E+01,4.938843E+01,1.474391E+03,2.318753E+03,5.039738E-02,2.873654E-01,0.000000E+00,0.000000E+00,0.000000E+00,0.000000E+00,0.000000E+00,0.000000E+00,0.000000E+00,0.000000E+00,2.109946E+01,2.440289E+01,2.389826E+01,4.900867E+01,2.045767E+03,4.453403E+03,6.992786E-02,5.519179E-01,0.000000E+00,0.000000E+00,0.000000E+00,0.000000E+00,0.000000E+00,0.000000E+00,0.000000E+00,0.000000E+00,2.109938E+01,2.275566E+01,2.389826E+01,5.048747E+01
14:30:00,3.564642E+03,4.180452E+03,1.218458E-01,5.180925E-01,0.000000E+00,0.000000E+00,0.000000E+00,0.000000E+00,0.000000E+00,0.000000E+00,0.000000E+00,0.000000E+00,2.109942E+01,2.443407E+01,2.389836E+01,4.947848E+01,1.474391E+03,1.887718E+03,5.039738E-02,2.339474E-01,0.000000E+00,0.000000E+00,0.000000E+00,0.000000E+00,0.000000E+00,0.000000E+00,0.000000E+00,0.000000E+00,2.109946E+01,2.440289E+01,2.389842E+01,4.949185E+01,3.452186E+03,4.039665E+03,1.180018E-01,5.006441E-01,0.000000E+00,0.000000E+00,0.000000E+00,0.000000E+00,0.000000E+00,0.000000E+00,0.000000E+00,0.000000E+00,2.109942E+01,2.440740E+01,2.389837E+01,4.953865E+01,1.474391E+03,2.552375E+03,5.039738E-02,3.163274E-01,0.000000E+00,0.000000E+00,0.000000E+00,0.000000E+00,0.000000E+00,0.000000E+00,0.000000E+00,0.000000E+00,2.109946E+01,2.440289E+01,2.389820E+01,4.901715E+01,2.045767E+03,4.546708E+03,6.992786E-02,5.634958E-01,0.000000E+00,0.000000E+00,0.000000E+00,0.000000E+00,0.000000E+00,0.000000E+00,0.000000E+00,0.000000E+00,2.109938E+01,2.275566E+01,2.389812E+01,5.066729E+01
14:45:00,3.564642E+03,4.267670E+03,1.218458E-01,5.289125E-01,0.000000E+00,0.000000E+00,0.000000E+00,0.000000E+00,0.000000E+00,0.000000E+00,0.000000E+00,0.000000E+00,2.109942E+01,2.443407E+01,2.389823E+01,4.959559E+01,1.474391E+03,1.894967E+03,5.039738E-02,2.348504E-01,0.000000E+00,0.000000E+00,0.000000E+00,0.000000E+00,0.000000E+00,0.000000E+00,0.000000E+00,0.000000E+00,2.109946E+01,2.440289E+01,2.389829E+01,4.964431E+01,3.452186E+03,4.084982E+03,1.180018E-01,5.062705E-01,0.000000E+00,0.000000E+00,0.000000E+00,0.000000E+00,0.000000E+00,0.000000E+00,0.000000E+00,0.000000E+00,2.109942E+01,2.440740E+01,2.389824E+01,4.967824E+01,1.474391E+03,2.803681E+03,5.039738E-02,3.474807E-01,0.000000E+00,0.000000E+00,0.000000E+00,0.000000E+00,0.000000E+00,0.000000E+00,0.000000E+00,0.000000E+00,2.109946E+01,2.440289E+01,2.389805E+01,4.899810E+01,2.045767E+03,4.640326E+03,6.992786E-02,5.751116E-01,0.000000E+00,0.000000E+00,0.000000E+00,0.000000E+00,0.000000E+00,0.000000E+00,0.000000E+00,0.000000E+00,2.109938E+01,2.275566E+01,2.389798E+01,5.083931E+01
15:00:00,3.564642E+03,4.353837E+03,1.218458E-01,5.395999E-01,0.000000E+00,0.000000E+00,0.000000E+00,0.000000E+00,0.000000E+00,0.000000E+00,0.000000E+00,0.000000E+00,2.109942E+01,2.443407E+01,2.389809E+01,4.962103E+01,1.474391E+03,1.900489E+03,5.039738E-02,2.355383E-01,0.000000E+00,0.000000E+00,0.000000E+00,0.000000E+00,0.000000E+00,0.000000E+00,0.000000E+00,0.000000E+00,2.109946E+01,2.440289E+01,2.389815E+01,4.970012E+01,3.452186E+03,4.120900E+03,1.180018E-01,5.107297E-01,0.000000E+00,0.000000E+00,0.000000E+00,0.000000E+00,0.000000E+00,0.000000E+00,0.000000E+00,0.000000E+00,2.109942E+01,2.440740E+01,2.389810E+01,4.972704E+01,1.474391E+03,3.068591E+03,5.039738E-02,3.803193E-01,0.000000E+00,0.000000E+00,0.000000E+00,0.000000E+00,0.000000E+00,0.000000E+00,0.000000E+00,0.000000E+00,2.109946E+01,2.440289E+01,2.389792E+01,4.890510E+01,2.045767E+03,4.734014E+03,6.992786E-02,5.867342E-01,0.000000E+00,0.000000E+00,0.000000E+00,0.000000E+00,0.000000E+00,0.000000E+00,0.000000E+00,0.000000E+00,2.109938E+01,2.275566E+01,2.389784E+01,5.091891E+01
15:15:00,3.564642E+03,4.392792E+03,1.218458E-01,5.444347E-01,0.000000E+00,0.000000E+00,0.000000E+00,0.000000E+00,0.000000E+00,0.000000E+00,0.000000E+00,0.000000E+00,2.109942E+01,2.443407E+01,2.389801E+01,4.959192E+01,1.474391E+03,1.886176E+03,5.039738E-02,2.337672E-01,0.000000E+00,0.000000E+00,0.000000E+00,0.000000E+00,0.000000E+00,0.000000E+00,0.000000E+00,0.000000E+00,2.109946E+01,2.440289E+01,2.389808E+01,4.970521E+01,3.452186E+03,4.108001E+03,1.180018E-01,5.091373E-01,0.000000E+00,0.000000E+00,0.000000E+00,0.000000E+00,0.000000E+00,0.000000E+00,0.000000E+00,0.000000E+00,2.109942E+01,2.440740E+01,2.389803E+01,4.972557E+01,1.474391E+03,3.314806E+03,5.039738E-02,4.108403E-01,0.000000E+00,0.000000E+00,0.000000E+00,0.000000E+00,0.000000E+00,0.000000E+00,0.000000E+00,0.000000E+00,2.109946E+01,2.440289E+01,2.389785E+01,4.879244E+01,2.045767E+03,4.744296E+03,6.992786E-02,5.880178E-01,0.000000E+00,0.000000E+00,0.000000E+00,0.000000E+00,0.000000E+00,0.000000E+00,0.000000E+00,0.000000E+00,2.109938E+01,2.275566E+01,2.389775E+01,5.092128E+01
15:30:00,3.564642E+03,4.419602E+03,1.218458E-01,5.477632E-01,0.000000E+00,0.000000E+00,0.000000E+00,0.000000E+00,0.000000E+00,0.000000E+00,0.000000E+00,0.000000E+00,2.109942E+01,2.443407E+01,2.389803E+01,4.957773E+01,1.474391E+03,1.868166E+03,5.039738E-02,2.315376E-01,0.000000E+00,0.000000E+00,0.000000E+00,0.000000E+00,0.000000E+00,0.000000E+00,0.000000E+00,0.000000E+00,2.109946E+01,2.440289E+01,2.389810E+01,4.972570E+01,3.452186E+03,4.083707E+03,1.180018E-01,5.061314E-01,0.000000E+00,0.000000E+00,0.000000E+00,0.000000E+00,0.000000E+00,0.000000E+00,0.000000E+00,0.000000E+00,2.109942E+01,2.440740E+01,2.389805E+01,4.973918E+01,1.474391E+03,3.550928E+03,5.039738E-02,4.401096E-01,0.000000E+00,0.000000E+00,0.000000E+00,0.000000E+00,0.000000E+00,0.000000E+00,0.000000E+00,0.000000E+00,2.109946E+01,2.440289E+01,2.389787E+01,4.871177E+01,2.045767E+03,4.746426E+03,6.992786E-02,5.882882E-01,0.000000E+00,0.000000E+00,0.000000E+00,0.000000E+00,0.000000E+00,0.000000E+00,0.000000E+00,0.000000E+00,2.109938E+01,2.275566E+01,2.389778E+01,5.093257E+01
15:45:00,3.564642E+03,4.433937E+03,1.218458E-01,5.495432E-01,0.000000E+00,0.000000E+00,0.000000E+00,0.000000E+00,0.000000E+00,0.000000E+00,0.000000E+00,0.000000E+00,2.109942E+01,2.443407E+01,2.389803E+01,4.957498E+01,1.474391E+03,1.846904E+03,5.039738E-02,2.289038E-01,0.000000E+00,0.000000E+00,0.000000E+00,0.000000E+00,0.000000E+00,0.000000E+00,0.000000E+00,0.000000E+00,2.109946E+01,2.440289E+01,2.389810E+01,4.975321E+01,3.452186E+03,4.049658E+03,1.180018E-01,5.019144E-01,0.000000E+00,0.000000E+00,0.000000E+00,0.000000E+00,0.000000E+00,0.000000E+00,0.000000E+00,0.000000E+00,2.109942E+01,2.440740E+01,2.389805E+01,4.976015E+01,1.474391E+03,3.771966E+03,5.039738E-02,4.675076E-01,0.000000E+00,0.000000E+00,0.000000E+00,0.000000E+00,0.000000E+00,0.000000E+00,0.000000E+00,0.000000E+00,2.109946E+01,2.440289E+01,2.389790E+01,4.865237E+01,2.045767E+03,4.742255E+03,6.992786E-02,5.877754E-01,0.000000E+00,0.000000E+00,0.000000E+00,0.000000E+00,0.000000E+00,0.000000E+00,0.000000E+00,0.000000E+00,2.109938E+01,2.275566E+01,2.389776E+01,5.094489E+01
16:00:00,3.564642E+03,4.432693E+03,1.218458E-01,5.493899E-01,0.000000E+00,0.000000E+00,0.000000E+00,0.000000E+00,0.000000E+00,0.000000E+00,0.000000E+00,0.000000E+00,2.109942E+01,2.443407E+01,2.389803E+01,4.957278E+01,1.474391E+03,1.824695E+03,5.039738E-02,2.261517E-01,0.000000E+00,0.000000E+00,0.000000E+00,0.000000E+00,0.000000E+00,0.000000E+00,0.000000E+00,0.000000E+00,2.109946E+01,2.440289E+01,2.389809E+01,4.977616E+01,3.452186E+03,4.011704E+03,1.180018E-01,4.972112E-01,0.000000E+00,0.000000E+00,0.000000E+00,0.000000E+00,0.000000E+00,0.000000E+00,0.000000E+00,0.000000E+00,2.109942E+01,2.440740E+01,2.389804E+01,4.977717E+01,1.474391E+03,3.967302E+03,5.039738E-02,4.917179E-01,0.000000E+00,0.000000E+00,0.000000E+00,0.000000E+00,0.000000E+00,0.000000E+00,0.000000E+00,0.000000E+00,2.109946E+01,2.440289E+01,2.389792E+01,4.860247E+01,2.045767E+03,4.732286E+03,6.992786E-02,5.865415E-01,0.000000E+00,0.000000E+00,0.000000E+00,0.000000E+00,0.000000E+00,0.000000E+00,0.000000E+00,0.000000E+00,2.109938E+01,2.275566E+01,2.389775E+01,5.094511E+01
16:15:00,3.564642E+03,4.393573E+03,1.218458E-01,5.445410E-01,0.000000E+00,0.000000E+00,0.000000E+00,0.000000E+00,0.000000E+00,0.000000E+00,0.000000E+00,0.000000E+00,2.109942E+01,2.443407E+01,2.389803E+01,4.957078E+01,1.474391E+03,1.791139E+03,5.039738E-02,2.219927E-01,0.000000E+00,0.000000E+00,0.000000E+00,0.000000E+00,0.000000E+00,0.000000E+00,0.000000E+00,0.000000E+00,2.109946E+01,2.440289E+01,2.389809E+01,4.979486E+01,3.452186E+03,3.945972E+03,1.180018E-01,4.890643E-01,0.000000E+00,0.000000E+00,0.000000E+00,0.000000E+00,0.000000E+00,0.000000E+00,0.000000E+00,0.000000E+00,2.109942E+01,2.440740E+01,2.389804E+01,4.979043E+01,1.474391E+03,4.128512E+03,5.039738E-02,5.116973E-01,0.000000E+00,0.000000E+00,0.000000E+00,0.000000E+00,0.000000E+00,0.000000E+00,0.000000E+00,0.000000E+00,2.109946E+01,2.440289E+01,2.389794E+01,4.856087E+01,2.045767E+03,4.676362E+03,6.992786E-02,5.796103E-01,0.000000E+00,0.000000E+00,0.000000E+00,0.000000E+00,0.000000E+00,0.000000E+00,0.000000E+00,0.000000E+00,2.109938E+01,2.275566E+01,2.389773E+01,5.093420E+01
16:30:00,3.564642E+03,4.331246E+03,1.218458E-01,5.368150E-01,0.000000E+00,0.000000E+00,0.000000E+00,0.000000E+00,0.000000E+00,0.000000E+00,0.000000E+00,0.000000E+00,2.109942E+01,2.443407E+01,2.389810E+01,4.961307E+01,1.474391E+03,1.752057E+03,5.039738E-02,2.171486E-01,0.000000E+00,0.000000E+00,0.000000E+00,0.000000E+00,0.000000E+00,0.000000E+00,0.000000E+00,0.000000E+00,2.109946E+01,2.440289E+01,2.389815E+01,4.985815E+01,3.452186E+03,3.866251E+03,1.180018E-01,4.791828E-01,0.000000E+00,0.000000E+00,0.000000E+00,0.000000E+00,0.000000E+00,0.000000E+00,0.000000E+00,0.000000E+00,2.109942E+01,2.440740E+01,2.389811E+01,4.984968E+01,1.474391E+03,4.264074E+03,5.039738E-02,5.284974E-01,0.000000E+00,0.000000E+00,0.000000E+00,0.000000E+00,0.000000E+00,0.000000E+00,0.000000E+00,0.000000E+00,2.109946E+01,2.440289E+01,2.389798E+01,4.853926E+01,2.045767E+03,4.613815E+03,6.992786E-02,5.718566E-01,0.000000E+00,0.000000E+00,0.000000E+00,0.000000E+00,0.000000E+00,0.000000E+00,0.000000E+00,0.000000E+00,2.109938E+01,2.275566E+01,2.389785E+01,5.100205E+01
16:45:00,3.564642E+03,4.245513E+03,1.218458E-01,5.261879E-01,0.000000E+00,0.000000E+00,0.000000E+00,0.000000E+00,0.000000E+00,0.000000E+00,0.000000E+00,0.000000E+00,2.109942E+01,2.443407E+01,2.389811E+01,4.966525E+01,1.474391E+03,1.709279E+03,5.039738E-02,2.118463E-01,0.000000E+00,0.000000E+00,0.000000E+00,0.000000E+00,0.000000E+00,0.000000E+00,0.000000E+00,0.000000E+00,2.109946E+01,2.440289E+01,2.389815E+01,4.992944E+01,3.452186E+03,3.777307E+03,1.180018E-01,4.681583E-01,0.000000E+00,0.000000E+00,0.000000E+00,0.000000E+00,0.000000E+00,0.000000E+00,0.000000E+00,0.000000E+00,2.109942E+01,2.440740E+01,2.389811E+01,4.991808E+01,1.474391E+03,4.368911E+03,5.039738E-02,5.414895E-01,0.000000E+00,0.000000E+00,0.000000E+00,0.000000E+00,0.000000E+00,0.000000E+00,0.000000E+00,0.000000E+00,2.109946E+01,2.440289E+01,2.389799E+01,4.851967E+01,2.045767E+03,4.544732E+03,6.992786E-02,5.632928E-01,0.000000E+00,0.000000E+00,0.000000E+00,0.000000E+00,0.000000E+00,0.000000E+00,0.000000E+00,0.000000E+00,2.109938E+01,2.275566E+01,2.389784E+01,5.107975E+01
17:00:00,3.564642E+03,4.135442E+03,1.218458E-01,5.125447E-01,0.000000E+00,0.000000E+00,0.000000E+00,0.000000E+00,0.000000E+00,0.000000E+00,0.000000E+00,0.000000E+00,2.109942E+01,2.443407E+01,2.389810E+01,4.971040E+01,1.474391E+03,1.662963E+03,5.039738E-02,2.061058E-01,0.000000E+00,0.000000E+00,0.000000E+00,0.000000E+00,0.000000E+00,0.000000E+00,0.000000E+00,0.000000E+00,2.109946E+01,2.440289E+01,2.389813E+01,4.998481E+01,3.452186E+03,3.679703E+03,1.180018E-01,4.560606E-01,0.000000E+00,0.000000E+00,0.000000E+00,0.000000E+00,0.000000E+00,0.000000E+00,0.000000E+00,0.000000E+00,2.109942E+01,2.440740E+01,2.389809E+01,4.997033E+01,1.474391E+03,4.439398E+03,5.039738E-02,5.502243E-01,0.000000E+00,0.000000E+00,0.000000E+00,0.000000E+00,0.000000E+00,0.000000E+00,0.000000E+00,0.000000E+00,2.109946E+01,2.440289E+01,2.389800E+01,4.850305E+01,2.045767E+03,4.469108E+03,6.992786E-02,5.539187E-01,0.000000E+00,0.000000E+00,0.000000E+00,0.000000E+00,0.000000E+00,0.000000E+00,0.000000E+00,0.000000E+00,2.109938E+01,2.275566E+01,2.389780E+01,5.112471E+01
17:15:00,3.564642E+03,4.044893E+03,1.218458E-01,5.013209E-01,0.000000E+00,0.000000E+00,0.000000E+00,0.000000E+00,0.000000E+00,0.000000E+00,0.000000E+00,0.000000E+00,2.109942E+01,2.443407E+01,2.389810E+01,4.975480E+01,1.474391E+03,1.631374E+03,5.039738E-02,2.021904E-01,0.000000E+00,0.000000E+00,0.000000E+00,0.000000E+00,0.000000E+00,0.000000E+00,0.000000E+00,0.000000E+00,2.109946E+01,2.440289E+01,2.389812E+01,5.002842E+01,3.452186E+03,3.615986E+03,1.180018E-01,4.481630E-01,0.000000E+00,0.000000E+00,0.000000E+00,0.000000E+00,0.000000E+00,0.000000E+00,0.000000E+00,0.000000E+00,2.109942E+01,2.440740E+01,2.389808E+01,5.000994E+01,1.474391E+03,4.489840E+03,5.039738E-02,5.564747E-01,0.000000E+00,0.000000E+00,0.000000E+00,0.000000E+00,0.000000E+00,0.000000E+00,0.000000E+00,0.000000E+00,2.109946E+01,2.440289E+01,2.389802E+01,4.849428E+01,2.045767E+03,4.468384E+03,6.992786E-02,5.538284E-01,0.000000E+00,0.000000E+00,0.000000E+00,0.000000E+00,0.000000E+00,0.000000E+00,0.000000E+00,0.000000E+00,2.109938E+01,2.275566E+01,2.389776E+01,5.113989E+01
17:30:00,3.564642E+03,3.938843E+03,1.218458E-01,4.881769E-01,0.000000E+00,0.000000E+00,0.000000E+00,0.000000E+00,0.000000E+00,0.000000E+00,0.000000E+00,0.000000E+00,2.109942E+01,2.443407E+01,2.389812E+01,4.980888E+01,1.474391E+03,1.599506E+03,5.039738E-02,1.982409E-01,0.000000E+00,0.000000E+00,0.000000E+00,0.000000E+00,0.000000E+00,0.000000E+00,0.000000E+00,0.000000E+00,2.109946E+01,2.440289E+01,2.389812E+01,5.007236E+01,3.452186E+03,3.551260E+03,1.180018E-01,4.401414E-01,0.000000E+00,0.000000E+00,0.000000E+00,0.000000E+00,0.000000E+00,0.000000E+00,0.000000E+00,0.000000E+00,2.109942E+01,2.440740E+01,2.389808E+01,5.004943E+01,1.474391E+03,4.494564E+03,5.039738E-02,5.570590E-01,0.000000E+00,0.000000E+00,0.000000E+00,0.000000E+00,0.000000E+00,0.000000E+00,0.000000E+00,0.000000E+00,2.109946E+01,2.440289E+01,2.389805E+01,4.849501E+01,2.045767E+03,4.463515E+03,6.992786E-02,5.532268E-01,0.000000E+00,0.000000E+00,0.000000E+00,0.000000E+00,0.000000E+00,0.000000E+00,0.000000E+00,0.000000E+00,2.109938E+01,2.275566E+01,2.389775E+01,5.114313E+01
17:45:00,3.564642E+03,3.818870E+03,1.218458E-01,4.733073E-01,0.000000E+00,0.000000E+00,0.000000E+00,0.000000E+00,0.000000E+00,0.000000E+00,0.000000E+00,0.000000E+00,2.109942E+01,2.443407E+01,2.389813E+01,4.987607E+01,1.474391E+03,1.564934E+03,5.039738E-02,1.939562E-01,0.000000E+00,0.000000E+00,0.000000E+00,0.000000E+00,0.000000E+00,0.000000E+00,0.000000E+00,0.000000E+00,2.109946E+01,2.440289E+01,2.389813E+01,5.012330E+01,3.452186E+03,3.479590E+03,1.180018E-01,4.312589E-01,0.000000E+00,0.000000E+00,0.000000E+00,0.000000E+00,0.000000E+00,0.000000E+00,0.000000E+00,0.000000E+00,2.109942E+01,2.440740E+01,2.389808E+01,5.009598E+01,1.474391E+03,4.448912E+03,5.039738E-02,5.513995E-01,0.000000E+00,0.000000E+00,0.000000E+00,0.000000E+00,0.000000E+00,0.000000E+00,0.000000E+00,0.000000E+00,2.109946E+01,2.440289E+01,2.389807E+01,4.850590E+01,2.045767E+03,4.453714E+03,6.992786E-02,5.520134E-01,0.000000E+00,0.000000E+00,0.000000E+00,0.000000E+00,0.000000E+00,0.000000E+00,0.000000E+00,0.000000E+00,2.109938E+01,2.275566E+01,2.389776E+01,5.114714E+01
18:00:00,3.564642E+03,3.688305E+03,1.218458E-01,4.571245E-01,0.000000E+00,0.000000E+00,0.000000E+00,0.000000E+00,0.000000E+00,0.000000E+00,0.000000E+00,0.000000E+00,2.109942E+01,2.443407E+01,2.389814E+01,4.995434E+01,1.474391E+03,1.526842E+03,5.039738E-02,1.892351E-01,0.000000E+00,0.000000E+00,0.000000E+00,0.000000E+00,0.000000E+00,0.000000E+00,0.000000E+00,0.000000E+00,2.109946E+01,2.440289E+01,2.389814E+01,5.018304E+01,3.452186E+03,3.399013E+03,1.180018E-01,4.212723E-01,0.000000E+00,0.000000E+00,0.000000E+00,0.000000E+00,0.000000E+00,0.000000E+00,0.000000E+00,0.000000E+00,2.109942E+01,2.440740E+01,2.389809E+01,5.015166E+01,1.474391E+03,4.345314E+03,5.039738E-02,5.385580E-01,0.000000E+00,0.000000E+00,0.000000E+00,0.000000E+00,0.000000E+00,0.000000E+00,0.000000E+00,0.000000E+00,2.109946E+01,2.440289E+01,2.389810E+01,4.852895E+01,2.045767E+03,4.438177E+03,6.992786E-02,5.500883E-01,0.000000E+00,0.000000E+00,0.000000E+00,0.000000E+00,0.000000E+00,0.000000E+00,0.000000E+00,0.000000E+00,2.109938E+01,2.275566E+01,2.389776E+01,5.115647E+01
18:15:00,3.564642E+03,3.382899E+03,1.218458E-01,4.192722E-01,0.000000E+00,0.000000E+00,0.000000E+00,0.000000E+00,0.000000E+00,0.000000E+00,0.000000E+00,0.000000E+00,2.109942E+01,2.443407E+01,2.389815E+01,5.004181E+01,1.474391E+03,1.411376E+03,5.039738E-02,1.749243E-01,0.000000E+00,0.000000E+00,0.000000E+00,0.000000E+00,0.000000E+00,0.000000E+00,0.000000E+00,0.000000E+00,2.109946E+01,2.440289E+01,2.389815E+01,5.025244E+01,3.452186E+03,3.140761E+03,1.180018E-01,3.892642E-01,0.000000E+00,0.000000E+00,0.000000E+00,0.000000E+00,0.000000E+00,0.000000E+00,0.000000E+00,0.000000E+00,2.109942E+01,2.440740E+01,2.389811E+01,5.021742E+01,1.474391E+03,4.100529E+03,5.039738E-02,5.082176E-01,0.000000E+00,0.000000E+00,0.000000E+00,0.000000E+00,0.000000E+00,0.000000E+00,0.000000E+00,0.000000E+00,2.109946E+01,2.440289E+01,2.389814E+01,4.856814E+01,2.045767E+03,4.090596E+03,6.992786E-02,5.070074E-01,0.000000E+00,0.000000E+00,0.000000E+00,0.000000E+00,0.000000E+00,0.000000E+00,0.000000E+00,0.000000E+00,2.109938E+01,2.275566E+01,2.389777E+01,5.117163E+01
18:30:00,3.564642E+03,3.050945E+03,1.218458E-01,3.781268E-01,0.000000E+00,0.000000E+00,0.000000E+00,0.000000E+00,0.000000E+00,0.000000E+00,0.000000E+00,0.000000E+00,2.109942E+01,2.443407E+01,2.389847E+01,4.977092E+01,1.474391E+03,1.281338E+03,5.039738E-02,1.588061E-01,0.000000E+00,0.000000E+00,0.000000E+00,0.000000E+00,0.000000E+00,0.000000E+00,0.000000E+00,0.000000E+00,2.109946E+01,2.440289E+01,2.389848E+01,4.995138E+01,3.452186E+03,2.849220E+03,1.180018E-01,3.531274E-01,0.000000E+00,0.000000E+00,0.000000E+00,0.000000E+00,0.000000E+00,0.000000E+00,0.000000E+00,0.000000E+00,2.109942E+01,2.440740E+01,2.389845E+01,4.993241E+01,1.474391E+03,3.765364E+03,5.039738E-02,4.666744E-01,0.000000E+00,0.000000E+00,0.000000E+00,0.000000E+00,0.000000E+00,0.000000E+00,0.000000E+00,0.000000E+00,2.109946E+01,2.440289E+01,2.389827E+01,4.832568E+01,2.045767E+03,3.709775E+03,6.992786E-02,4.598000E-01,0.000000E+00,0.000000E+00,0.000000E+00,0.000000E+00,0.000000E+00,0.000000E+00,0.000000E+00,0.000000E+00,2.109938E+01,2.275566E+01,2.389835E+01,5.091155E+01
18:45:00,3.564642E+03,2.697131E+03,1.218458E-01,3.342701E-01,0.000000E+00,0.000000E+00,0.000000E+00,0.000000E+00,0.000000E+00,0.000000E+00,0.000000E+00,0.000000E+00,2.109942E+01,2.443407E+01,2.389876E+01,4.951904E+01,1.474391E+03,1.138422E+03,5.039738E-02,1.410908E-01,0.000000E+00,0.000000E+00,0.000000E+00,0.000000E+00,0.000000E+00,0.000000E+00,0.000000E+00,0.000000E+00,2.109946E+01,2.440289E+01,2.389876E+01,4.967316E+01,3.452186E+03,2.528020E+03,1.180018E-01,3.133127E-01,0.000000E+00,0.000000E+00,0.000000E+00,0.000000E+00,0.000000E+00,0.000000E+00,0.000000E+00,0.000000E+00,2.109942E+01,2.440740E+01,2.389874E+01,4.966503E+01,1.474391E+03,3.321353E+03,5.039738E-02,4.116376E-01,0.000000E+00,0.000000E+00,0.000000E+00,0.000000E+00,0.000000E+00,0.000000E+00,0.000000E+00,0.000000E+00,2.109946E+01,2.440289E+01,2.389869E+01,4.822079E+01,2.045767E+03,3.303682E+03,6.992786E-02,4.094577E-01,0.000000E+00,0.000000E+00,0.000000E+00,0.000000E+00,0.000000E+00,0.000000E+00,0.000000E+00,0.000000E+00,2.109938E+01,2.275566E+01,2.389858E+01,5.063130E+01
19:00:00,3.564642E+03,2.329472E+03,1.218458E-01,2.886961E-01,0.000000E+00,0.000000E+00,0.000000E+00,0.000000E+00,0.000000E+00,0.000000E+00,0.000000E+00,0.000000E+00,2.109942E+01,2.443407E+01,2.389900E+01,4.946449E+01,1.474391E+03,9.858499E+02,5.039738E-02,1.221783E-01,0.000000E+00,0.000000E+00,0.000000E+00,0.000000E+00,0.000000E+00,0.000000E+00,0.000000E+00,0.000000E+00,2.109946E+01,2.440289E+01,2.389901E+01,4.960519E+01,3.452186E+03,2.184259E+03,1.180018E-01,2.707005E-01,0.000000E+00,0.000000E+00,0.000000E+00,0.000000E+00,0.000000E+00,0.000000E+00,0.000000E+00,0.000000E+00,2.109942E+01,2.440740E+01,2.389899E+01,4.959603E+01,1.474391E+03,2.764883E+03,5.039738E-02,3.426619E-01,0.000000E+00,0.000000E+00,0.000000E+00,0.000000E+00,0.000000E+00,0.000000E+00,0.000000E+00,0.000000E+00,2.109946E+01,2.440289E+01,2.389908E+01,4.831047E+01,2.045767E+03,2.876903E+03,6.992786E-02,3.565502E-01,0.000000E+00,0.000000E+00,0.000000E+00,0.000000E+00,0.000000E+00,0.000000E+00,0.000000E+00,0.000000E+00,2.109938E+01,2.275566E+01,2.389876E+01,5.048027E+01
19:15:00,3.564642E+03,2.019482E+03,1.218458E-01,2.502710E-01,0.000000E+00,0.000000E+00,0.000000E+00,0.000000E+00,0.000000E+00,0.000000E+00,0.000000E+00,0.000000E+00,2.109942E+01,2.443407E+01,2.389914E+01,4.956641E+01,1.474391E+03,8.554715E+02,5.039738E-02,1.060171E-01,0.000000E+00,0.000000E+00,0.000000E+00,0.000000E+00,0.000000E+00,0.000000E+00,0.000000E+00,0.000000E+00,2.109946E+01,2.440289E+01,2.389914E+01,4.970654E+01,3.452186E+03,1.891119E+03,1.180018E-01,2.343638E-01,0.000000E+00,0.000000E+00,0.000000E+00,0.000000E+00,0.000000E+00,0.000000E+00,0.000000E+00,0.000000E+00,2.109942E+01,2.440740E+01,2.389912E+01,4.969135E+01,1.474391E+03,2.186302E+03,5.039738E-02,2.709478E-01,0.000000E+00,0.000000E+00,0.000000E+00,0.000000E+00,0.000000E+00,0.000000E+00,0.000000E+00,0.000000E+00,2.109946E+01,2.440289E+01,2.389929E+01,4.852286E+01,2.045767E+03,2.543283E+03,6.992786E-02,3.151922E-01,0.000000E+00,0.000000E+00,0.000000E+00,0.000000E+00,0.000000E+00,0.000000E+00,0.000000E+00,0.000000E+00,2.109938E+01,2.275566E+01,2.389888E+01,5.045879E+01
19:30:00,3.564642E+03,1.722689E+03,1.218458E-01,2.134834E-01,0.000000E+00,0.000000E+00,0.000000E+00,0.000000E+00,0.000000E+00,0.000000E+00,0.000000E+00,0.000000E+00,2.109942E+01,2.443407E+01,2.389949E+01,4.921429E+01,1.474391E+03,7.292661E+02,5.039738E-02,9.037391E-02,0.000000E+00,0.000000E+00,0.000000E+00,0.000000E+00,0.000000E+00,0.000000E+00,0.000000E+00,0.000000E+00,2.109946E+01,2.440289E+01,2.389950E+01,4.933602E+01,3.452186E+03,1.607185E+03,1.180018E-01,1.991700E-01,0.000000E+00,0.000000E+00,0.000000E+00,0.000000E+00,0.000000E+00,0.000000E+00,0.000000E+00,0.000000E+00,2.109942E+01,2.440740E+01,2.389949E+01,4.934212E+01,1.474391E+03,1.656042E+03,5.039738E-02,2.052243E-01,0.000000E+00,0.000000E+00,0.000000E+00,0.000000E+00,0.000000E+00,0.000000E+00,0.000000E+00,0.000000E+00,2.109946E+01,2.440289E+01,2.389956E+01,4.832354E+01,2.045767E+03,2.199739E+03,6.992786E-02,2.726084E-01,0.000000E+00,0.000000E+00,0.000000E+00,0.000000E+00,0.000000E+00,0.000000E+00,0.000000E+00,0.000000E+00,2.109938E+01,2.275566E+01,2.389943E+01,5.004190E+01
19:45:00,3.564642E+03,1.445947E+03,1.218458E-01,1.791830E-01,0.000000E+00,0.000000E+00,0.000000E+00,0.000000E+00,0.000000E+00,0.000000E+00,0.000000E+00,0.000000E+00,2.109942E+01,2.443407E+01,2.389972E+01,4.893225E+01,1.474391E+03,6.109926E+02,5.039738E-02,7.571468E-02,0.000000E+00,0.000000E+00,0.000000E+00,0.000000E+00,0.000000E+00,0.000000E+00,0.000000E+00,0.000000E+00,2.109946E+01,2.440289E+01,2.389972E+01,4.903878E+01,3.452186E+03,1.341248E+03,1.180018E-01,1.662088E-01,0.000000E+00,0.000000E+00,0.000000E+00,0.000000E+00,0.000000E+00,0.000000E+00,0.000000E+00,0.000000E+00,2.109942E+01,2.440740E+01,2.389971E+01,4.905811E+01,1.474391E+03,1.225556E+03,5.039738E-02,1.518706E-01,0.000000E+00,0.000000E+00,0.000000E+00,0.000000E+00,0.000000E+00,0.000000E+00,0.000000E+00,0.000000E+00,2.109946E+01,2.440289E+01,2.389978E+01,4.818318E+01,2.045767E+03,1.849787E+03,6.992786E-02,2.292322E-01,0.000000E+00,0.000000E+00,0.000000E+00,0.000000E+00,0.000000E+00,0.000000E+00,0.000000E+00,0.000000E+00,2.109938E+01,2.275566E+01,2.389967E+01,4.971647E+01
20:00:00,3.564642E+03,1.188828E+03,1.218458E-01,1.473164E-01,0.000000E+00,0.000000E+00,0.000000E+00,0.000000E+00,0.000000E+00,0.000000E+00,0.000000E+00,0.000000E+00,2.109942E+01,2.443407E+01,2.389980E+01,4.872812E+01,1.474391E+03,5.013141E+02,5.039738E-02,6.212146E-02,0.000000E+00,0.000000E+00,0.000000E+00,0.000000E+00,0.000000E+00,0.000000E+00,0.000000E+00,0.000000E+00,2.109946E+01,2.440289E+01,2.389980E+01,4.882143E+01,3.452186E+03,1.095115E+03,1.180018E-01,1.357038E-01,0.000000E+00,0.000000E+00,0.000000E+00,0.000000E+00,0.000000E+00,0.000000E+00,0.000000E+00,0.000000E+00,2.109942E+01,2.440740E+01,2.389980E+01,4.884647E+01,1.474391E+03,9.258305E+02,5.039738E-02,1.147254E-01,0.000000E+00,0.000000E+00,0.000000E+00,0.000000E+00,0.000000E+00,0.000000E+00,0.000000E+00,0.000000E+00,2.109946E+01,2.440289E+01,2.389985E+01,4.812863E+01,2.045767E+03,1.497907E+03,6.992786E-02,1.856191E-01,0.000000E+00,0.000000E+00,0.000000E+00,0.000000E+00,0.000000E+00,0.000000E+00,0.000000E+00,0.000000E+00,2.109938E+01,2.275566E+01,2.389975E+01,4.944508E+01
20:15:00,3.564642E+03,9.946546E+02,1.218458E-01,1.232520E-01,0.000000E+00,0.000000E+00,0.000000E+00,0.000000E+00,0.000000E+00,0.000000E+00,0.000000E+00,0.000000E+00,2.109942E+01,2.443407E+01,2.389986E+01,4.865780E+01,1.474391E+03,4.219566E+02,5.039738E-02,5.228647E-02,0.000000E+00,0.000000E+00,0.000000E+00,0.000000E+00,0.000000E+00,0.000000E+00,0.000000E+00,0.000000E+00,2.109946E+01,2.440289E+01,2.389984E+01,4.874292E+01,3.452186E+03,9.116650E+02,1.180018E-01,1.129684E-01,0.000000E+00,0.000000E+00,0.000000E+00,0.000000E+00,0.000000E+00,0.000000E+00,0.000000E+00,0.000000E+00,2.109942E+01,2.440740E+01,2.389986E+01,4.876861E+01,1.474391E+03,7.426299E+02,5.039738E-02,9.202190E-02,0.000000E+00,0.000000E+00,0.000000E+00,0.000000E+00,0.000000E+00,0.000000E+00,0.000000E+00,0.000000E+00,2.109946E+01,2.440289E+01,2.389988E+01,4.816108E+01,2.045767E+03,1.248750E+03,6.992786E-02,1.547391E-01,0.000000E+00,0.000000E+00,0.000000E+00,0.000000E+00,0.000000E+00,0.000000E+00,0.000000E+00,0.000000E+00,2.109938E+01,2.275566E+01,2.389983E+01,4.930967E+01
20:30:00,3.564642E+03,8.282808E+02,1.218458E-01,1.026345E-01,0.000000E+00,0.000000E+00,0.000000E+00,0.000000E+00,0.000000E+00,0.000000E+00,0.000000E+00,0.000000E+00,2.109942E+01,2.443407E+01,2.389988E+01,4.869938E+01,1.474391E+03,3.533428E+02,5.039738E-02,4.378367E-02,0.000000E+00,0.000000E+00,0.000000E+00,0.000000E+00,0.000000E+00,0.000000E+00,0.000000E+00,0.000000E+00,2.109946E+01,2.440289E+01,2.389987E+01,4.877911E+01,3.452186E+03,7.567677E+02,1.180018E-01,9.377311E-02,0.000000E+00,0.000000E+00,0.000000E+00,0.000000E+00,0.000000E+00,0.000000E+00,0.000000E+00,0.000000E+00,2.109942E+01,2.440740E+01,2.389988E+01,4.880957E+01,1.474391E+03,5.973878E+02,5.039738E-02,7.402350E-02,0.000000E+00,0.000000E+00,0.000000E+00,0.000000E+00,0.000000E+00,0.000000E+00,0.000000E+00,0.000000E+00,2.109946E+01,2.440289E+01,2.389990E+01,4.824775E+01,2.045767E+03,1.030246E+03,6.992786E-02,1.276612E-01,0.000000E+00,0.000000E+00,0.000000E+00,0.000000E+00,0.000000E+00,0.000000E+00,0.000000E+00,0.000000E+00,2.109938E+01,2.275566E+01,2.389987E+01,4.932825E+01
20:45:00,3.564642E+03,6.803178E+02,1.218458E-01,8.429947E-02,0.000000E+00,0.000000E+00,0.000000E+00,0.000000E+00,0.000000E+00,0.000000E+00,0.000000E+00,0.000000E+00,2.109942E+01,2.443407E+01,2.389988E+01,4.878577E+01,1.474391E+03,2.922261E+02,5.039738E-02,3.621031E-02,0.000000E+00,0.000000E+00,0.000000E+00,0.000000E+00,0.000000E+00,0.000000E+00,0.000000E+00,0.000000E+00,2.109946E+01,2.440289E+01,2.389988E+01,4.886445E+01,3.452186E+03,6.186552E+02,1.180018E-01,7.665876E-02,0.000000E+00,0.000000E+00,0.000000E+00,0.000000E+00,0.000000E+00,0.000000E+00,0.000000E+00,0.000000E+00,2.109942E+01,2.440740E+01,2.389988E+01,4.889769E+01,1.474391E+03,4.766192E+02,5.039738E-02,5.905854E-02,0.000000E+00,0.000000E+00,0.000000E+00,0.000000E+00,0.000000E+00,0.000000E+00,0.000000E+00,0.000000E+00,2.109946E+01,2.440289E+01,2.389990E+01,4.835620E+01,2.045767E+03,8.315317E+02,6.992786E-02,1.030371E-01,0.000000E+00,0.000000E+00,0.000000E+00,0.000000E+00,0.000000E+00,0.000000E+00,0.000000E+00,0.000000E+00,2.109938E+01,2.275566E+01,2.389986E+01,4.941158E+01
21:00:00,3.564642E+03,5.464054E+02,1.218458E-01,6.770590E-02,0.000000E+00,0.000000E+00,0.000000E+00,0.000000E+00,0.000000E+00,0.000000E+00,0.000000E+00,0.000000E+00,2.109942E+01,2.443407E+01,2.389988E+01,4.888338E+01,1.474391E+03,2.366811E+02,5.039738E-02,2.932754E-02,0.000000E+00,0.000000E+00,0.000000E+00,0.000000E+00,0.000000E+00,0.000000E+00,0.000000E+00,0.000000E+00,2.109946E+01,2.440289E+01,2.389988E+01,4.896394E+01,3.452186E+03,4.931001E+02,1.180018E-01,6.110077E-02,0.000000E+00,0.000000E+00,0.000000E+00,0.000000E+00,0.000000E+00,0.000000E+00,0.000000E+00,0.000000E+00,2.109942E+01,2.440740E+01,2.389988E+01,4.899789E+01,1.474391E+03,3.737127E+02,5.039738E-02,4.630716E-02,0.000000E+00,0.000000E+00,0.000000E+00,0.000000E+00,0.000000E+00,0.000000E+00,0.000000E+00,0.000000E+00,2.109946E+01,2.440289E+01,2.389990E+01,4.847308E+01,2.045767E+03,6.473734E+02,6.992786E-02,8.021719E-02,0.000000E+00,0.000000E+00,0.000000E+00,0.000000E+00,0.000000E+00,0.000000E+00,0.000000E+00,0.000000E+00,2.109938E+01,2.275566E+01,2.389987E+01,4.950674E+01
21:15:00,3.564642E+03,4.549173E+02,1.218458E-01,5.636940E-02,0.000000E+00,0.000000E+00,0.000000E+00,0.000000E+00,0.000000E+00,0.000000E+00,0.000000E+00,0.000000E+00,2.109942E+01,2.443407E+01,2.389991E+01,4.895307E+01,1.474391E+03,1.961692E+02,5.039738E-02,2.430759E-02,0.000000E+00,0.000000E+00,0.000000E+00,0.000000E+00,0.000000E+00,0.000000E+00,0.000000E+00,0.000000E+00,2.109946E+01,2.440289E+01,2.389991E+01,4.903501E+01,3.452186E+03,4.086415E+02,1.180018E-01,5.063530E-02,0.000000E+00,0.000000E+00,0.000000E+00,0.000000E+00,0.000000E+00,0.000000E+00,0.000000E+00,0.000000E+00,2.109942E+01,2.440740E+01,2.389991E+01,4.907228E+01,1.474391E+03,3.006435E+02,5.039738E-02,3.725304E-02,0.000000E+00,0.000000E+00,0.000000E+00,0.000000E+00,0.000000E+00,0.000000E+00,0.000000E+00,0.000000E+00,2.109946E+01,2.440289E+01,2.389992E+01,4.855639E+01,2.045767E+03,5.350391E+02,6.992786E-02,6.629751E-02,0.000000E+00,0.000000E+00,0.000000E+00,0.000000E+00,0.000000E+00,0.000000E+00,0.000000E+00,0.000000E+00,2.109938E+01,2.275566E+01,2.389990E+01,4.957806E+01
21:30:00,3.564642E+03,3.631289E+02,1.218458E-01,4.499572E-02,0.000000E+00,0.000000E+00,0.000000E+00,0.000000E+00,0.000000E+00,0.000000E+00,0.000000E+00,0.000000E+00,2.109942E+01,2.443407E+01,2.389994E+01,4.887948E+01,1.474391E+03,1.562337E+02,5.039738E-02,1.935910E-02,0.000000E+00,0.000000E+00,0.000000E+00,0.000000E+00,0.000000E+00,0.000000E+00,0.000000E+00,0.000000E+00,2.109946E+01,2.440289E+01,2.389994E+01,4.895694E+01,3.452186E+03,3.210511E+02,1.180018E-01,3.978181E-02,0.000000E+00,0.000000E+00,0.000000E+00,0.000000E+00,0.000000E+00,0.000000E+00,0.000000E+00,0.000000E+00,2.109942E+01,2.440740E+01,2.389994E+01,4.900637E+01,1.474391E+03,2.370181E+02,5.039738E-02,2.936912E-02,0.000000E+00,0.000000E+00,0.000000E+00,0.000000E+00,0.000000E+00,0.000000E+00,0.000000E+00,0.000000E+00,2.109946E+01,2.440289E+01,2.389994E+01,4.847803E+01,2.045767E+03,4.189374E+02,6.992786E-02,5.191109E-02,0.000000E+00,0.000000E+00,0.000000E+00,0.000000E+00,0.000000E+00,0.000000E+00,0.000000E+00,0.000000E+00,2.109938E+01,2.275566E+01,2.389994E+01,4.952245E+01
21:45:00,3.564642E+03,2.732895E+02,1.218458E-01,3.386355E-02,0.000000E+00,0.000000E+00,0.000000E+00,0.000000E+00,0.000000E+00,0.000000E+00,0.000000E+00,0.000000E+00,2.109942E+01,2.443407E+01,2.389995E+01,4.877540E+01,1.474391E+03,1.169012E+02,5.039738E-02,1.448533E-02,0.000000E+00,0.000000E+00,0.000000E+00,0.000000E+00,0.000000E+00,0.000000E+00,0.000000E+00,0.000000E+00,2.109946E+01,2.440289E+01,2.389995E+01,4.884787E+01,3.452186E+03,2.348931E+02,1.180018E-01,2.910582E-02,0.000000E+00,0.000000E+00,0.000000E+00,0.000000E+00,0.000000E+00,0.000000E+00,0.000000E+00,0.000000E+00,2.109942E+01,2.440740E+01,2.389995E+01,4.890963E+01,1.474391E+03,1.808237E+02,5.039738E-02,2.240600E-02,0.000000E+00,0.000000E+00,0.000000E+00,0.000000E+00,0.000000E+00,0.000000E+00,0.000000E+00,0.000000E+00,2.109946E+01,2.440289E+01,2.389995E+01,4.836658E+01,2.045767E+03,3.034551E+02,6.992786E-02,3.760144E-02,0.000000E+00,0.000000E+00,0.000000E+00,0.000000E+00,0.000000E+00,0.000000E+00,0.000000E+00,0.000000E+00,2.109938E+01,2.275566E+01,2.389995E+01,4.943555E+01
22:00:00,3.564642E+03,1.853626E+02,1.218458E-01,2.296838E-02,0.000000E+00,0.000000E+00,0.000000E+00,0.000000E+00,0.000000E+00,0.000000E+00,0.000000E+00,0.000000E+00,2.109942E+01,2.443407E+01,2.389995E+01,4.869365E+01,1.474391E+03,7.820018E+01,5.039738E-02,9.689829E-03,0.000000E+00,0.000000E+00,0.000000E+00,0.000000E+00,0.000000E+00,0.000000E+00,0.000000E+00,0.000000E+00,2.109946E+01,2.440289E+01,2.389995E+01,4.876295E+01,3.452186E+03,1.501391E+02,1.180018E-01,1.860382E-02,0.000000E+00,0.000000E+00,0.000000E+00,0.000000E+00,0.000000E+00,0.000000E+00,0.000000E+00,0.000000E+00,2.109942E+01,2.440740E+01,2.389996E+01,4.883437E+01,1.474391E+03,1.305619E+02,5.039738E-02,1.617800E-02,0.000000E+00,0.000000E+00,0.000000E+00,0.000000E+00,0.000000E+00,0.000000E+00,0.000000E+00,0.000000E+00,2.109946E+01,2.440289E+01,2.389995E+01,4.827938E+01,2.045767E+03,1.891485E+02,6.992786E-02,2.343750E-02,0.000000E+00,0.000000E+00,0.000000E+00,0.000000E+00,0.000000E+00,0.000000E+00,0.000000E+00,0.000000E+00,2.109938E+01,2.275566E+01,2.389995E+01,4.936506E+01
22:15:00,3.564642E+03,1.273318E+02,1.218458E-01,1.577772E-02,0.000000E+00,0.000000E+00,0.000000E+00,0.000000E+00,0.000000E+00,0.000000E+00,0.000000E+00,0.000000E+00,2.109942E+01,2.443407E+01,2.389997E+01,4.862427E+01,1.474391E+03,5.254251E+01,5.039738E-02,6.510558E-03,0.000000E+00,0.000000E+00,0.000000E+00,0.000000E+00,0.000000E+00,0.000000E+00,0.000000E+00,0.000000E+00,2.109946E+01,2.440289E+01,2.389997E+01,4.869188E+01,3.452186E+03,9.480953E+01,1.180018E-01,1.174787E-02,0.000000E+00,0.000000E+00,0.000000E+00,0.000000E+00,0.000000E+00,0.000000E+00,0.000000E+00,0.000000E+00,2.109942E+01,2.440740E+01,2.389998E+01,4.877362E+01,1.474391E+03,9.424899E+01,5.039738E-02,1.167842E-02,0.000000E+00,0.000000E+00,0.000000E+00,0.000000E+00,0.000000E+00,0.000000E+00,0.000000E+00,0.000000E+00,2.109946E+01,2.440289E+01,2.389997E+01,4.820617E+01,2.045767E+03,1.292579E+02,6.992786E-02,1.601638E-02,0.000000E+00,0.000000E+00,0.000000E+00,0.000000E+00,0.000000E+00,0.000000E+00,0.000000E+00,0.000000E+00,2.109938E+01,2.275566E+01,2.389997E+01,4.930364E+01
22:30:00,3.564642E+03,7.739885E+01,1.218458E-01,9.590506E-03,0.000000E+00,0.000000E+00,0.000000E+00,0.000000E+00,0.000000E+00,0.000000E+00,0.000000E+00,0.000000E+00,2.109942E+01,2.443407E+01,2.389999E+01,4.858898E+01,1.474391E+03,3.018706E+01,5.039738E-02,3.740484E-03,0.000000E+00,0.000000E+00,0.000000E+00,0.000000E+00,0.000000E+00,0.000000E+00,0.000000E+00,0.000000E+00,2.109946E+01,2.440289E+01,2.389999E+01,4.865730E+01,3.452186E+03,5.125263E+01,1.180018E-01,6.350721E-03,0.000000E+00,0.000000E+00,0.000000E+00,0.000000E+00,0.000000E+00,0.000000E+00,0.000000E+00,0.000000E+00,2.109942E+01,2.440740E+01,2.389999E+01,4.874770E+01,1.474391E+03,6.372079E+01,5.039738E-02,7.895653E-03,0.000000E+00,0.000000E+00,0.000000E+00,0.000000E+00,0.000000E+00,0.000000E+00,0.000000E+00,0.000000E+00,2.109946E+01,2.440289E+01,2.389998E+01,4.816740E+01,2.045767E+03,7.835542E+01,6.992786E-02,9.709035E-03,0.000000E+00,0.000000E+00,0.000000E+00,0.000000E+00,0.000000E+00,0.000000E+00,0.000000E+00,0.000000E+00,2.109938E+01,2.275566E+01,2.389998E+01,4.927148E+01
22:45:00,3.564642E+03,3.995020E+01,1.218458E-01,4.950234E-03,0.000000E+00,0.000000E+00,0.000000E+00,0.000000E+00,0.000000E+00,0.000000E+00,0.000000E+00,0.000000E+00,2.109942E+01,2.443407E+01,2.390000E+01,4.857680E+01,1.474391E+03,1.456672E+01,5.039738E-02,1.804964E-03,0.000000E+00,0.000000E+00,0.000000E+00,0.000000E+00,0.000000E+00,0.000000E+00,0.000000E+00,0.000000E+00,2.109946E+01,2.440289E+01,2.390169E+01,4.864326E+01,3.452186E+03,2.220333E+01,1.180018E-01,2.751217E-03,0.000000E+00,0.000000E+00,0.000000E+00,0.000000E+00,0.000000E+00,0.000000E+00,0.000000E+00,0.000000E+00,2.109942E+01,2.440740E+01,2.388683E+01,4.878086E+01,1.474391E+03,3.752358E+01,5.039738E-02,4.649549E-03,0.000000E+00,0.000000E+00,0.000000E+00,0.000000E+00,0.000000E+00,0.000000E+00,0.000000E+00,0.000000E+00,2.109946E+01,2.440289E+01,2.389999E+01,4.814948E+01,2.045767E+03,4.051344E+01,6.992786E-02,5.020027E-03,0.000000E+00,0.000000E+00,0.000000E+00,0.000000E+00,0.000000E+00,0.000000E+00,0.000000E+00,0.000000E+00,2.109938E+01,2.275566E+01,2.390000E+01,4.926001E+01
23:00:00,3.564642E+03,1.568694E+01,1.218458E-01,1.943767E-03,0.000000E+00,0.000000E+00,0.000000E+00,0.000000E+00,0.000000E+00,0.000000E+00,0.000000E+00,0.000000E+00,2.109942E+01,2.443407E+01,2.387846E+01,4.863841E+01,1.474391E+03,4.768266E+00,5.039738E-02,5.908355E-04,0.000000E+00,0.000000E+00,0.000000E+00,0.000000E+00,0.000000E+00,0.000000E+00,0.000000E+00,0.000000E+00,2.109946E+01,2.440289E+01,2.388618E+01,4.868916E+01,3.452186E+03,5.706436E+00,1.180018E-01,7.070836E-04,0.000000E+00,0.000000E+00,0.000000E+00,0.000000E+00,0.000000E+00,0.000000E+00,0.000000E+00,0.000000E+00,2.109942E+01,2.440740E+01,2.385871E+01,4.886467E+01,1.474391E+03,1.870835E+01,5.039738E-02,2.318149E-03,0.000000E+00,0.000000E+00,0.000000E+00,0.000000E+00,0.000000E+00,0.000000E+00,0.000000E+00,0.000000E+00,2.109946E+01,2.440289E+01,2.390000E+01,4.814434E+01,2.045767E+03,1.583530E+01,6.992786E-02,1.962152E-03,0.000000E+00,0.000000E+00,0.000000E+00,0.000000E+00,0.000000E+00,0.000000E+00,0.000000E+00,0.000000E+00,2.109938E+01,2.275566E+01,2.388588E+01,4.930042E+01
23:15:00,3.564642E+03,2.740737E+00,1.218458E-01,3.396039E-04,0.000000E+00,0.000000E+00,0.000000E+00,0.000000E+00,0.000000E+00,0.000000E+00,0.000000E+00,0.000000E+00,2.109942E+01,2.443407E+01,2.384373E+01,4.874146E+01,1.474391E+03,0.000000E+00,5.039738E-02,0.000000E+00,0.000000E+00,0.000000E+00,0.000000E+00,0.000000E+00,0.000000E+00,0.000000E+00,0.000000E+00,0.000000E+00,2.109946E+01,2.440289E+01,2.384574E+01,4.880966E+01,3.452186E+03,0.000000E+00,1.180018E-01,0.000000E+00,0.000000E+00,0.000000E+00,0.000000E+00,0.000000E+00,0.000000E+00,0.000000E+00,0.000000E+00,0.000000E+00,2.109942E+01,2.440740E+01,2.381048E+01,4.900840E+01,1.474391E+03,6.734001E+00,5.039738E-02,8.344083E-04,0.000000E+00,0.000000E+00,0.000000E+00,0.000000E+00,0.000000E+00,0.000000E+00,0.000000E+00,0.000000E+00,2.109946E+01,2.440289E+01,2.387186E+01,4.822584E+01,2.045767E+03,2.753413E+00,6.992786E-02,3.411746E-04,0.000000E+00,0.000000E+00,0.000000E+00,0.000000E+00,0.000000E+00,0.000000E+00,0.000000E+00,0.000000E+00,2.109938E+01,2.275566E+01,2.386847E+01,4.935322E+01
23:30:00,3.564642E+03,0.000000E+00,1.218458E-01,0.000000E+00,0.000000E+00,0.000000E+00,0.000000E+00,0.000000E+00,0.000000E+00,0.000000E+00,0.000000E+00,0.000000E+00,2.109942E+01,2.443407E+01,2.379285E+01,4.889199E+01,1.474391E+03,0.000000E+00,5.039738E-02,0.000000E+00,0.000000E+00,0.000000E+00,0.000000E+00,0.000000E+00,0.000000E+00,0.000000E+00,0.000000E+00,0.000000E+00,2.109946E+01,2.440289E+01,2.379082E+01,4.897236E+01,3.452186E+03,0.000000E+00,1.180018E-01,0.000000E+00,0.000000E+00,0.000000E+00,0.000000E+00,0.000000E+00,0.000000E+00,0.000000E+00,0.000000E+00,0.000000E+00,2.109942E+01,2.440740E+01,2.374899E+01,4.919098E+01,1.474391E+03,7.234353E-01,5.039738E-02,8.964059E-05,0.000000E+00,0.000000E+00,0.000000E+00,0.000000E+00,0.000000E+00,0.000000E+00,0.000000E+00,0.000000E+00,2.109946E+01,2.440289E+01,2.382954E+01,4.834968E+01,2.045767E+03,0.000000E+00,6.992786E-02,0.000000E+00,0.000000E+00,0.000000E+00,0.000000E+00,0.000000E+00,0.000000E+00,0.000000E+00,0.000000E+00,0.000000E+00,2.109938E+01,2.275566E+01,2.383892E+01,4.944200E+01
23:45:00,3.564642E+03,0.000000E+00,1.218458E-01,0.000000E+00,0.000000E+00,0.000000E+00,0.000000E+00,0.000000E+00,0.000000E+00,0.000000E+00,0.000000E+00,0.000000E+00,2.109942E+01,2.443407E+01,2.373041E+01,4.907653E+01,1.474391E+03,0.000000E+00,5.039738E-02,0.000000E+00,0.000000E+00,0.000000E+00,0.000000E+00,0.000000E+00,0.000000E+00,0.000000E+00,0.000000E+00,0.000000E+00,2.109946E+01,2.440289E+01,2.372983E+01,4.915281E+01,3.452186E+03,0.000000E+00,1.180018E-01,0.000000E+00,0.000000E+00,0.000000E+00,0.000000E+00,0.000000E+00,0.000000E+00,0.000000E+00,0.000000E+00,0.000000E+00,2.109942E+01,2.440740E+01,2.368112E+01,4.939263E+01,1.474391E+03,0.000000E+00,5.039738E-02,0.000000E+00,0.000000E+00,0.000000E+00,0.000000E+00,0.000000E+00,0.000000E+00,0.000000E+00,0.000000E+00,0.000000E+00,2.109946E+01,2.440289E+01,2.377339E+01,4.851388E+01,2.045767E+03,0.000000E+00,6.992786E-02,0.000000E+00,0.000000E+00,0.000000E+00,0.000000E+00,0.000000E+00,0.000000E+00,0.000000E+00,0.000000E+00,0.000000E+00,2.109938E+01,2.275566E+01,2.379696E+01,4.956736E+01
24:00:00,3.564642E+03,0.000000E+00,1.218458E-01,0.000000E+00,0.000000E+00,0.000000E+00,0.000000E+00,0.000000E+00,0.000000E+00,0.000000E+00,0.000000E+00,0.000000E+00,2.109942E+01,2.443407E+01,2.366163E+01,4.928026E+01,1.474391E+03,0.000000E+00,5.039738E-02,0.000000E+00,0.000000E+00,0.000000E+00,0.000000E+00,0.000000E+00,0.000000E+00,0.000000E+00,0.000000E+00,0.000000E+00,2.109946E+01,2.440289E+01,2.366524E+01,4.934437E+01,3.452186E+03,0.000000E+00,1.180018E-01,0.000000E+00,0.000000E+00,0.000000E+00,0.000000E+00,0.000000E+00,0.000000E+00,0.000000E+00,0.000000E+00,0.000000E+00,2.109942E+01,2.440740E+01,2.360970E+01,4.960557E+01,1.474391E+03,0.000000E+00,5.039738E-02,0.000000E+00,0.000000E+00,0.000000E+00,0.000000E+00,0.000000E+00,0.000000E+00,0.000000E+00,0.000000E+00,0.000000E+00,2.109946E+01,2.440289E+01,2.370781E+01,4.870597E+01,2.045767E+03,0.000000E+00,6.992786E-02,0.000000E+00,0.000000E+00,0.000000E+00,0.000000E+00,0.000000E+00,0.000000E+00,0.000000E+00,0.000000E+00,0.000000E+00,2.109938E+01,2.275566E+01,2.374700E+01,4.971672E+01
Peak,3.564642E+03,4.433937E+03,1.218458E-01,5.495432E-01,0.000000E+00,0.000000E+00,0.000000E+00,0.000000E+00,0.000000E+00,0.000000E+00,0.000000E+00,0.000000E+00,,,,,1.474391E+03,3.787718E+03,5.039738E-02,4.694474E-01,0.000000E+00,0.000000E+00,0.000000E+00,0.000000E+00,0.000000E+00,0.000000E+00,0.000000E+00,0.000000E+00,,,,,3.452186E+03,4.120900E+03,1.180018E-01,5.107297E-01,0.000000E+00,0.000000E+00,0.000000E+00,0.000000E+00,0.000000E+00,0.000000E+00,0.000000E+00,0.000000E+00,,,,,1.474391E+03,4.494564E+03,5.039738E-02,5.570590E-01,0.000000E+00,0.000000E+00,0.000000E+00,0.000000E+00,0.000000E+00,0.000000E+00,0.000000E+00,0.000000E+00,,,,,2.045767E+03,4.746426E+03,6.992786E-02,5.882882E-01,0.000000E+00,0.000000E+00,0.000000E+00,0.000000E+00,0.000000E+00,0.000000E+00,0.000000E+00,0.000000E+00,,,,

Peak Vol Flow (m3/s),,,1.036205E-01,4.673445E-01,,,0.000000E+00,0.000000E+00,,,,,,,,,,,4.285912E-02,3.992291E-01,,,0.000000E+00,0.000000E+00,,,,,,,,,,,1.003515E-01,4.343366E-01,,,0.000000E+00,0.000000E+00,,,,,,,,,,,4.285912E-02,4.737361E-01,,,0.000000E+00,0.000000E+00,,,,,,,,,,,5.946829E-02,5.002941E-01,,,0.000000E+00,0.000000E+00,,,,,,,,
